,id,name,start_date_local,type,distance,moving_time,elapsed_time,total_elevation_gain,end_latlng,external_id
0,8606661694,Afternoon Run,2023-02-22T17:02:38Z,Run,10016.3,3490,3490,0,[],garmin_ping_261329294432
1,8599235269,Lunch Run,2023-02-21T11:20:15Z,Run,5022.2,1763,1801,0,[],garmin_ping_261131602348
2,8590113211,Afternoon Run,2023-02-19T16:34:39Z,Run,4011.2,1502,1597,16.7,"[45.51873310469091, -73.56943625025451]",garmin_ping_260857840571
3,8577118622,Lunch Run,2023-02-17T11:40:57Z,Run,9378.5,3270,3314,0,[],garmin_ping_260520550140
4,8573331541,Afternoon Run,2023-02-16T16:51:51Z,Run,23.8,11,11,0.0,[],garmin_ping_260402556613
5,8551498809,Afternoon Run,2023-02-12T15:10:35Z,Run,10000.5,3649,3950,49.3,"[45.51450225524604, -73.56877198442817]",garmin_ping_259788883106
6,8537247039,Morning Run,2023-02-10T08:18:52Z,Run,5002.4,1758,2055,19.3,"[45.515940925106406, -73.56977060437202]",garmin_ping_259429637057
7,8534083866,Afternoon Run,2023-02-09T15:18:56Z,Run,4143.2,1460,1460,0,[],garmin_ping_259328268129
8,8522742570,Afternoon Run,2023-02-07T14:20:11Z,Run,7006.9,2596,2676,19.2,"[45.515860794112086, -73.56971603818238]",garmin_ping_259020888849
9,8504278182,Morning Run,2023-02-04T09:34:30Z,Run,10000.3,3448,3473,0,[],garmin_ping_258521118206
10,8496002961,Evening Run,2023-02-02T19:28:12Z,Run,5140.8,1783,1783,0,[],garmin_ping_258282812834
11,8483023229,Lunch Run,2023-01-31T12:03:21Z,Run,6100.0,2129,2162,0,[],garmin_ping_257931152450
12,8474252665,Evening Run,2023-01-29T18:09:14Z,Run,2087.9,753,753,0,[],garmin_ping_257662961670
13,8467968905,Afternoon Run,2023-01-28T16:21:30Z,Run,8002.3,2760,2760,0,[],garmin_ping_257502212384
14,8457546388,Afternoon Run,2023-01-26T17:40:57Z,Run,5100.0,1639,1639,0,[],
15,8438366257,Morning Run,2023-01-23T07:10:13Z,Run,6004.5,2160,2189,0,[],garmin_ping_256692087704
16,8435848666,Afternoon Run,2023-01-22T14:31:35Z,Run,10007.5,3433,3433,0,[],garmin_ping_256597071193
17,8430456537,Ski with Jamesy,2023-01-21T14:26:49Z,AlpineSki,19499.5,6248,13230,1661.9,"[45.30120343901217, -72.63692194595933]",AD8A43A9-893A-480F-B976-1A1C7BDB2975-activity.fit
18,8422864011,Morning Run,2023-01-20T10:05:21Z,Run,5018.8,1743,1743,0,[],garmin_ping_256263899328
19,8419506928,Afternoon Run,2023-01-19T15:41:14Z,Run,7010.1,2472,2606,25.0,"[45.516679622232914, -73.56952643953264]",garmin_ping_256157828537
20,8407406886,Lunch Run,2023-01-17T11:43:51Z,Run,6017.1,2202,2386,21.8,"[45.517438352108, -73.56887055560946]",6DE4DFA6-0F6F-4F78-B855-F29F6A4BD11A-activity.fit
21,8338885685,Afternoon Run,2023-01-04T15:35:19Z,Run,5131.6,1836,2008,15.8,"[45.51763725467026, -73.5687879100442]",E2EE0177-8799-4C73-9030-7147B0D2DCDE-activity.fit
22,8327964174,Afternoon Run,2023-01-02T15:34:06Z,Run,2682.3,978,978,10.4,"[43.86367435567081, -79.43147798068821]",41CA649D-7C05-454F-BD46-4E25274E266C-activity.fit
23,8298936104,Barefoot Run,2022-12-27T12:32:01Z,Run,5003.4,2115,2115,92.4,"[21.127247773110867, -86.75021150149405]",6F034CEE-A548-42B9-AA3A-C188810E41D1-activity.fit
24,8233141598,Afternoon Run,2022-12-10T15:42:23Z,Run,4251.4,1591,1689,15.9,"[45.51913786679506, -73.56904707849026]",A2EC1DAD-535D-4759-83FD-DFAD24B07F08-activity.fit
25,8224468806,Afternoon Run,2022-12-08T12:41:54Z,Run,5009.7,1753,1807,22.9,"[45.51693786866963, -73.57222516089678]",F87EFB22-DD96-463E-8A4F-8A71A28122D0-activity.fit
26,8181138608,Afternoon Run,2022-11-28T13:04:17Z,Run,6009.4,2053,2152,26.3,"[45.51656210795045, -73.57130675576627]",177B3D97-F1D7-476C-A4DC-B50D1F2D16C9-activity.fit
27,8172314378,Afternoon Run,2022-11-26T12:43:33Z,Run,10025.0,3404,3410,32.6,"[45.51607218571007, -73.57017645612359]",AE7B45B5-5814-44FF-B185-E410D3D076D7-activity.fit
28,8158866376,Afternoon Run,2022-11-23T13:35:01Z,Run,5010.0,1752,1838,16.8,"[45.5167995672673, -73.56957086361945]",4D28CFDC-561E-4E5E-9DF2-13A4BB213540-activity.fit
29,8150404226,Afternoon Run,2022-11-21T15:51:38Z,Run,5011.3,1887,1950,4.3,"[45.51178190857172, -73.44020817428827]",5C7EC320-B275-4C0E-902A-18E0CBD39FBF-activity.fit
30,8141362199,Afternoon Run,2022-11-19T15:27:10Z,Run,5666.4,2072,2318,18.5,"[45.51584235392511, -73.5698720254004]",958D6F85-A260-4FC6-B82E-AC1F5F58E535-activity.fit
31,8113058594,Lunch Run,2022-11-13T10:07:12Z,Run,9339.7,3262,3295,32.7,"[45.517380852252245, -73.56904271990061]",D068E15F-A8EA-4C94-8621-2FF0C937EBF9-activity.fit
32,8103268776,Afternoon Run,2022-11-11T14:41:15Z,Run,5015.9,1686,1942,16.8,"[45.517215728759766, -73.56925235129893]",97A45926-574C-469D-8F7D-55D1C1F394E5-activity.fit
33,8094151170,Afternoon Run,2022-11-09T16:11:40Z,Run,5010.2,1794,1947,16.3,"[45.517374984920025, -73.57006321661174]",02335BB4-8374-4ADC-B7DE-4CA6DE517E8A-activity.fit
34,8082993767,Lunch Run,2022-11-07T11:55:26Z,Run,5011.0,1765,1918,15.9,"[45.51622465252876, -73.57008945196867]",227045EB-A01D-4A6D-8B92-C96D8336FDBF-activity.fit
35,8080028311,Evening Run,2022-11-06T18:06:07Z,Run,1790.5,650,757,0.0,"[45.51704750396311, -73.56921991333365]",7855907E-539B-426A-BF1B-38DD067D3B63-activity.fit
36,8072547025,Lunch Run,2022-11-05T10:38:39Z,Run,7018.7,2485,2537,24.4,"[45.51638030447066, -73.5697840154171]",986362B1-B975-4A6E-B81C-615F92223496-activity.fit
37,8064567476,Afternoon Run,2022-11-03T17:05:16Z,Run,5019.2,1787,1889,15.9,"[45.516312662512064, -73.5699309501797]",4A8EC948-9E62-4921-B3F0-673B308411A1-activity.fit
38,8049698034,Evening Run,2022-10-31T17:32:18Z,Run,5012.5,1827,1991,18.1,"[45.51696175709367, -73.56959550641477]",DC8C7E8C-64DE-43D6-BF29-59F72C1C22DB-activity.fit
39,8043940460,Lunch Run,2022-10-30T12:12:27Z,Run,4236.2,1533,1844,29.1,"[45.517301643267274, -73.57296243309975]",482A5361-6264-4D1D-977C-B693DD4D8925-activity.fit
40,8031862070,Morning Run,2022-10-28T08:28:07Z,Run,5959.0,1971,2140,16.2,"[45.52215007133782, -73.56654206290841]",17F8E272-94D8-47D5-A52A-A77AD4F0C82B-activity.fit
41,8024325717,Afternoon Run,2022-10-26T16:30:32Z,Run,7006.3,2390,2580,24.1,"[45.516002364456654, -73.57073494233191]",2444D12C-2744-4574-B690-84081184B992-activity.fit
42,8014128675,Evening Run,2022-10-24T17:41:43Z,Run,3011.3,1062,1325,2.6,"[45.52361514419317, -73.56546440161765]",B5899305-94FB-4856-9FA2-65EF301FFBF1-activity.fit
43,7996614576,Morning Run,2022-10-21T07:28:16Z,Run,6083.5,2020,2597,21.7,"[45.52144657820463, -73.56724832206964]",D95F07D6-627F-4ACC-8B3F-A3B2A62FA594-activity.fit
44,7987289605,Morning Run,2022-10-19T08:21:33Z,Run,5009.8,1776,2096,6.5,"[45.50922626629472, -73.44213928095996]",0E9D117C-8748-4C17-AF10-8A45E4CF2180-activity.fit
45,7979117019,Afternoon Run,2022-10-17T16:25:24Z,Run,4418.2,1570,1834,15.8,"[45.51647921092808, -73.56970497407019]",C8AAB10A-894E-4A10-ABA7-0C7AA27AA1B6-activity.fit
46,7963457254,Evening Run,2022-10-14T17:26:51Z,Run,5026.1,1860,1990,16.2,"[45.51728202961385, -73.56898622587323]",308AE0E1-32AF-42C8-8878-21CE0311AEE9-activity.fit
47,7954119023,Afternoon Run,2022-10-12T16:45:15Z,Run,5008.7,1771,1771,21.2,"[43.865509405732155, -79.42911679856479]",4D38FDA4-43F7-4480-9F1F-90E30ACBDCAA-activity.fit
48,7948864186,Evening Run,2022-10-11T17:50:02Z,Run,2663.1,991,991,10.4,"[43.863905696198344, -79.43141612224281]",25C0A224-27A8-4B88-9151-C222B66F016E-activity.fit
49,7937745990,Afternoon Run,2022-10-09T12:46:40Z,Run,2323.5,850,850,10.5,"[43.86571601964533, -79.42812287248671]",B2C29911-64AC-476A-89E9-A0C40457A083-activity.fit
50,7932812455,Afternoon Run,2022-10-08T17:01:29Z,Run,2141.8,757,757,10.5,"[43.86715670116246, -79.42759053781629]",3D25CC1A-1D14-4557-9614-44CA2556C115-activity.fit
51,7917810259,Evening Run,2022-10-05T18:12:26Z,Run,4005.9,1467,1621,15.8,"[45.518772918730974, -73.56941437348723]",F13D6D20-A770-4E0E-9B4D-534145D24954-activity.fit
52,7907120317,Evening Run,2022-10-03T17:38:00Z,Run,5018.5,1745,1745,2.2,"[45.51144629716873, -73.44041638076305]",7402A5D5-CC6E-4E75-9D96-A83A699D9ED6-activity.fit
53,7897542770,Morning Run,2022-10-01T10:18:42Z,Run,5051.5,1796,1855,19.9,"[45.518204206600785, -73.56987353414297]",garmin_ping_241312301847
54,7882096818,Afternoon Run,2022-09-28T17:03:02Z,Run,4010.4,1497,1746,11.5,"[45.517289489507675, -73.56973472982645]",4B88BA9C-FABA-40E4-8447-586244EFA772-activity.fit
55,7865398901,Montreal Half Marathon!!,2022-09-25T08:04:51Z,Run,21298.1,7539,7575,96.3,"[45.55559545755386, -73.55165647342801]",garmin_ping_240453293320
56,7853748953,Morning Run,2022-09-23T07:07:44Z,Run,5043.9,1847,1937,14.2,"[45.51750423386693, -73.5689808614552]",CBC3921A-2667-4BA2-87AD-ED813E208096-activity.fit
57,7840460829,Afternoon Run,2022-09-20T15:33:41Z,Run,5013.3,1727,1973,15.5,"[45.51657350733876, -73.56961126439273]",54572381-14A7-43AF-ADE4-3930FFE0EA85-activity.fit
58,7818409189,Afternoon Run,2022-09-16T12:03:15Z,Run,15103.5,4961,5371,49.2,"[45.50459467805922, -73.57653588987887]",0F2D9B1D-901B-4499-BE9A-D065F90BB867-activity.fit
59,7806706092,Morning Run,2022-09-14T08:01:22Z,Run,5054.6,1742,1996,14.1,"[45.517057897523046, -73.56920356862247]",C5A47799-E0AA-4176-97D0-3EFB0244F5B9-activity.fit
60,7793716049,Evening Run,2022-09-11T18:41:30Z,Run,5617.7,1928,2009,16.6,"[45.523179955780506, -73.56559063307941]",4DCFD759-CEC5-47C4-AAB9-279E4476C3C7-activity.fit
61,7786821764,Afternoon Run,2022-09-10T13:31:58Z,Run,9055.5,3254,4536,16.5,"[45.487516382709146, -73.5613171197474]",D8ED376B-5813-467B-B71C-9632F3356029-activity.fit
62,7777362480,Evening Run,2022-09-08T18:51:35Z,Run,5018.3,1701,1723,18.8,"[45.51858499646187, -73.57003555633128]",DF0F6C12-AB63-4D0B-9853-66FBE7D2CAAE-activity.fit
63,7768955136,Morning Run,2022-09-07T07:28:21Z,Run,3501.1,1165,1777,15.4,"[45.52042298018932, -73.56815289705992]",F348542D-A6DE-4D75-9109-8C843BD25750-activity.fit
64,7753523675,Morning Run,2022-09-04T09:00:19Z,Run,10025.2,3218,3862,49.4,"[45.52699581719935, -73.56200334616005]",201D4831-797F-452F-B6B4-054D5C40112F-activity.fit
65,7741814687,Morning Run,2022-09-02T08:36:29Z,Run,3797.8,1287,1503,15.8,"[45.51673661917448, -73.57045917771757]",537CAC28-8D34-4B21-A5FD-3840BFFEF0DE-activity.fit
66,7732854561,Afternoon Run,2022-08-31T13:12:18Z,Run,13128.2,4646,5790,58.5,"[45.52447127178311, -73.58255979605019]",C47D2322-A40F-46DD-8E95-C1DFA32A8A9C-activity.fit
67,7724576935,Morning Run,2022-08-30T06:28:39Z,Run,5028.0,1726,2109,22.2,"[45.5185832362622, -73.57002507895231]",273DD9E5-31CF-4316-A686-24C48E43D8D9-activity.fit
68,7711211986,Mt St-Hilaire 4 peaks ,2022-08-27T13:42:51Z,Hike,11691.0,11533,15514,500.5,"[45.53797150030732, -73.15678727813065]",DB7D66F7-CA91-4164-B54B-749F3E4B97C7-activity.fit
69,7702829217,Morning Run,2022-08-26T07:24:46Z,Run,5011.5,1728,1771,20.6,"[45.51582156680524, -73.56970363296568]",FF1EB9E5-8EA9-4E8D-BB0D-513ED84AAD05-activity.fit
70,7697153203,Morning Run,2022-08-25T06:30:15Z,Run,5009.6,1749,1890,16.8,"[45.51616447046399, -73.57010101899505]",54CA3F13-B4F3-4D0D-81D9-3C63AE322EE1-activity.fit
71,7678276871,Evening Run,2022-08-21T18:37:26Z,Run,5004.6,1742,2025,20.8,"[45.51616162061691, -73.57046512886882]",EB27A0C7-6CED-48CF-89F4-C8F2757D84BB-activity.fit
72,7658166335,Morning Run,2022-08-18T06:36:03Z,Run,5179.3,1764,1903,19.1,"[45.51651709713042, -73.57116711325943]",E975EA12-1FA5-44FA-BE04-C38BAAD27919-activity.fit
73,7646843016,Morning Run,2022-08-16T06:27:39Z,Run,5028.4,1722,1859,18.0,"[45.51642782986164, -73.570999475196]",4AF2EA38-D1BF-455B-81AB-AE6A0F0A1DE1-activity.fit
74,7638703229,Afternoon Run,2022-08-14T13:45:11Z,Run,7319.9,2791,3211,144.9,"[45.50354987382889, -73.58772019855678]",garmin_push_9404323270
75,7633612909,Evening Run,2022-08-13T18:19:58Z,Run,5017.2,1918,2252,41.6,"[45.5173624958843, -73.56997101567686]",2180C4AE-249E-4C7F-80E9-104F7FA6EB2A-activity.fit
76,7619652878,Morning Run,2022-08-11T06:32:24Z,Run,5010.0,1826,2154,20.6,"[45.5165559053421, -73.56995073147118]",C0208021-8C30-4D9F-901F-AC9FD703BBC4-activity.fit
77,7616812622,First run back after getting COVID ,2022-08-10T15:29:55Z,Run,3032.5,1095,1623,21.3,"[45.52100334316492, -73.58099355362356]",533734BB-8EBE-4C1F-87B6-BA50BBF3AC8D-activity.fit
78,7575048939,Morning Run,2022-08-03T06:33:22Z,Run,5108.6,1811,2034,16.2,"[45.527917239815, -73.5641402285546]",07D175BC-F0F1-46AA-B51E-72CD0FADEE70-activity.fit
79,7560232363,Lunch Run,2022-07-31T11:50:55Z,Run,5731.4,2074,2603,41.2,"[45.52314366213977, -73.5663995705545]",B7526867-EA8D-4540-9A73-2405DCAB5B3A-activity.fit
80,7547453867,Morning Run,2022-07-29T06:28:54Z,Run,5144.9,1751,1918,11.3,"[45.52214705385268, -73.56657123193145]",E34BDECD-89B9-4F23-B1A9-CA27478AA4CC-activity.fit
81,7638705085,Afternoon Run,2022-07-27T15:04:04Z,Run,4696.1,1549,2018,52.8,"[45.51756290718913, -73.58630994334817]",garmin_push_9404325712
82,7539249558,Afternoon Run,2022-07-27T14:42:48Z,Run,6430.0,2235,3182,80.4,"[45.517393006011844, -73.58617994002998]",E5842D0A-F66B-415D-99CC-F1A1586BA94A-activity.fit
83,7526106289,Morning Run,2022-07-25T08:55:14Z,Run,6635.4,2424,2837,17.8,"[45.522589115425944, -73.5660937987268]",1DD01B56-1772-4049-B954-9B4A8E55A036-activity.fit
84,7509360224,Morning Run,2022-07-22T06:29:56Z,Run,4507.8,1511,1901,11.5,"[45.523157911375165, -73.56640552170575]",1437A00A-EFFA-4B10-89E6-C403C6113347-activity.fit
85,7505128337,Morning Run,2022-07-21T10:08:22Z,Run,5058.9,1794,2186,16.1,"[45.52155001088977, -73.56703030876815]",6C7F9216-6368-42BC-B36B-F9BFA5561DE0-activity.fit
86,7502331813,Evening Run,2022-07-20T20:03:21Z,Run,5023.2,1795,2047,20.4,"[45.51670091226697, -73.57067249715328]",garmin_push_9243242587
87,7493674570,Morning Run,2022-07-19T06:42:21Z,Run,3351.5,1225,1946,18.9,"[45.51882798783481, -73.56936684809625]",garmin_push_9233108599
88,7493672728,Morning Run,2022-07-19T06:26:07Z,Run,634.7,212,240,0.0,"[45.522852474823594, -73.56610972434282]",garmin_push_9233106407
89,7486819338,Evening Run,2022-07-17T19:54:21Z,Run,5005.0,1791,2515,12.2,"[45.51489151082933, -73.56565785594285]",garmin_push_9224590257
90,7479662852,Post run cr√®me de glac√©,2022-07-16T12:54:17Z,Run,5003.0,1803,3440,46.1,"[45.51469939760864, -73.56838658452034]",garmin_push_9216308840
91,7474545070,Afternoon Run,2022-07-15T14:59:56Z,Run,4321.3,1534,2160,26.5,"[45.515354024246335, -73.56865799054503]",garmin_push_9210395719
92,7462382390,Morning Run,2022-07-13T09:32:53Z,Run,5019.1,1775,2525,15.9,"[45.51787320524454, -73.56937891803682]",garmin_push_9196063707
93,7440150254,Morning Run,2022-07-09T07:58:28Z,Run,10005.8,3400,3400,62.9,"[43.865560702979565, -79.4290594663471]",garmin_push_9169940782
94,7440141620,Evening Run,2022-07-07T20:36:27Z,Run,3995.8,1474,1611,36.0,"[43.86755073443055, -79.41981984302402]",garmin_push_9169930894
95,7427687133,Evening Run,2022-07-06T20:19:31Z,Run,5007.8,1769,1918,39.5,"[43.86406168341637, -79.43118645809591]",garmin_push_9155173549
96,7422091398,Evening Run,2022-07-05T20:16:32Z,Run,3002.9,1052,1127,10.4,"[43.866172414273024, -79.43404108285904]",garmin_push_9148635913
97,7411518051,Evening Run,2022-07-03T20:15:44Z,Run,5004.1,1759,1825,39.6,"[43.86401541531086, -79.43123750388622]",garmin_push_9136209335
98,7405670115,Evening Run,2022-07-02T20:36:10Z,Run,3007.7,1075,1429,13.8,"[43.8638683129102, -79.43245380185544]",garmin_push_9129553225
99,7399487183,Outdoor Bouldering ,2022-07-01T10:19:01Z,RockClimbing,3549.1,3934,20497,88.3,"[43.12926189042628, -79.06010602600873]",4B9A323E-1F9D-453F-A914-FB852F0483AA-activity.fit
100,7395557424,Evening Run,2022-06-30T20:13:45Z,Run,5011.8,1743,1743,39.8,"[43.864004435017705, -79.43121965043247]",garmin_push_9117822322
101,7390495938,Evening Run,2022-06-29T20:06:29Z,Run,5010.7,1713,1876,43.8,"[43.86367502622306, -79.42787929438055]",garmin_push_9111847251
102,7390494661,Evening Run,2022-06-28T18:47:43Z,Run,3008.1,1063,1063,10.5,"[43.86436837725341, -79.43158878944814]",garmin_push_9111846043
103,7379395990,Evening Run,2022-06-27T20:10:40Z,Run,5004.6,1779,1863,31.2,"[43.865773268043995, -79.41785160452127]",garmin_push_9098946798
104,7367194196,Lunch Run,2022-06-25T12:44:41Z,Run,1516.3,569,682,0.0,"[43.86459644883871, -79.43084439262748]",garmin_push_9084677698
105,7362853296,Evening Run,2022-06-24T18:04:23Z,Run,1003.5,365,434,0.0,"[43.86470356956124, -79.43312988616526]",garmin_push_9079702285
106,7353509688,Evening Run,2022-06-22T20:24:42Z,Run,5008.2,1764,2240,20.9,"[43.86474346742034, -79.4330726377666]",garmin_push_9068690772
107,7348005862,Hawewwwtü•µü•µ,2022-06-21T20:45:52Z,Run,2507.7,909,909,10.5,"[43.86428765952587, -79.43109400570393]",garmin_push_9062298372
108,7337177065,Evening Run,2022-06-19T19:59:03Z,Run,10006.8,3460,3502,59.7,"[43.85943252593279, -79.43433495238423]",garmin_push_9049644182
109,7330036406,Lunch Run,2022-06-18T12:17:41Z,Run,5007.7,1720,2437,40.7,"[43.86366471648216, -79.43142425268888]",garmin_push_9041503304
110,7325547603,Afternoon Run,2022-06-17T16:46:19Z,Run,5006.3,1769,1922,21.5,"[43.86499132029712, -79.43030040711164]",garmin_push_9036279043
111,7304253149,Afternoon Run,2022-06-13T17:39:35Z,Run,4732.5,1688,1758,21.2,"[43.86673207394779, -79.43435096181929]",garmin_push_9011372356
112,7297507498,Morning Run,2022-06-12T10:50:33Z,Run,5011.1,1695,1695,40.8,"[43.86400158517063, -79.43134973756969]",garmin_push_9003348922
113,7291100966,Morning Run,2022-06-11T09:11:25Z,Run,8731.6,3517,3747,103.4,"[43.951043, -79.421384]",garmin_push_8995980028
114,7282953416,Evening Run,2022-06-09T18:38:59Z,Run,5008.4,1719,2745,53.9,"[43.863814920187, -79.42691520787776]",garmin_push_8986482185
115,7272923670,Evening Run,2022-06-07T20:38:01Z,Run,5013.2,1779,1779,21.0,"[43.86487045325339, -79.43320113234222]",garmin_push_8974548073
116,7262007201,Evening Run,2022-06-05T20:12:40Z,Run,5009.5,1733,1733,40.8,"[43.864293191581964, -79.4314110931009]",garmin_push_8961697815
117,7245859732,Evening Run,2022-06-02T20:09:34Z,Run,5010.6,1788,1847,40.5,"[43.86360855773091, -79.4317255821079]",garmin_push_8943042318
118,7239983852,Evening Run,2022-06-01T18:03:10Z,Run,4007.3,1423,1593,30.3,"[43.865118054673076, -79.42998005077243]",garmin_push_8936337824
119,7231307980,Morning Run,2022-05-31T07:15:18Z,Run,2691.5,958,1120,30.1,"[43.87351873330772, -79.4166639726609]",garmin_push_8926168170
120,7229555478,Evening Run,2022-05-30T20:19:24Z,Run,2260.0,789,897,10.8,"[43.86551418341696, -79.42886986769736]",garmin_push_8924022386
121,7218970948,Evening Run,2022-05-28T20:17:09Z,Run,5008.5,1672,2315,23.7,"[43.86542818509042, -79.43380781449378]",garmin_push_8911765810
122,7217926636,Afternoon Ride,2022-05-28T11:08:09Z,Ride,18721.1,4388,11155,67.6,"[43.620523139834404, -79.48007013648748]",D5E734D5-064B-4CBC-9A12-BDEBB1566159-activity.fit
123,7213008267,Afternoon Run,2022-05-27T17:35:43Z,Run,5008.2,1777,1778,40.2,"[43.86385867372155, -79.4313561078161]",garmin_push_8905002799
124,7203221309,Evening Run,2022-05-25T20:19:36Z,Run,5042.0,1811,1867,40.2,"[43.863573521375656, -79.43147990852594]",garmin_push_8893456497
125,7197512086,Afternoon Run,2022-05-24T17:34:35Z,Run,5009.4,1721,1750,40.4,"[43.86422496289015, -79.4313748832792]",garmin_push_8886948017
126,7187859310,Hotel treadmill run ,2022-05-22T20:41:25Z,Run,5044.2,1912,1912,0,[],garmin_push_8875438665
127,7171720110,Evening Run,2022-05-19T19:41:42Z,Run,5230.8,1875,2841,11.4,"[43.948040809482336, -79.44900940172374]",garmin_push_8856853951
128,7166302701,Evening Run,2022-05-18T20:14:18Z,Run,5013.4,1834,1931,23.8,"[43.86359472759068, -79.43159700371325]",garmin_push_8850596102
129,7160579465,Evening Run,2022-05-17T19:49:08Z,Run,5011.0,1727,1727,40.2,"[43.863907204940915, -79.43132509477437]",garmin_push_8843941346
130,7149908645,Evening Run,2022-05-15T20:01:17Z,Run,5006.4,1780,2059,21.2,"[43.86671933345497, -79.43432413972914]",garmin_push_8831444651
131,7143796984,Evening Run,2022-05-14T19:37:39Z,Run,10011.0,3576,4537,57.4,"[43.859822787344456, -79.43383488804102]",garmin_push_8824454399
132,7137458069,Afternoon Run,2022-05-13T16:40:13Z,Run,5009.6,1713,2817,23.7,"[43.865963872522116, -79.43410771898925]",garmin_push_8817400731
133,7122270651,Evening Run,2022-05-10T19:44:11Z,Run,5008.6,1755,2853,37.0,"[43.86433560401201, -79.4311193190515]",garmin_push_8799792208
134,7110197967,Afternoon Run,2022-05-08T13:15:46Z,Run,7242.1,2470,4378,48.5,"[43.865472776815295, -79.43605726584792]",garmin_push_8785821654
135,7096666904,Morning Run,2022-05-06T06:34:15Z,Run,5088.7,1811,2155,19.4,"[43.88215200975537, -79.36958910897374]",garmin_push_8770506979
136,7094611603,Afternoon Run,2022-05-05T17:14:15Z,Run,7377.4,2584,4004,46.1,"[43.8603435549885, -79.43382382392883]",garmin_push_8768113274
137,7080622462,Morning Run,2022-05-03T07:15:52Z,Run,5018.5,1757,2005,23.3,"[43.865398429334164, -79.43354168906808]",garmin_push_8751865201
138,7073398211,Evening Run,2022-05-01T19:45:07Z,Run,1009.0,291,291,3.0,"[43.863630602136254, -79.43184074945748]",B596FCC8-969E-4011-A4CB-CFF29E194155-activity.fit
139,7037329289,Hilly London ,2022-04-25T08:27:46Z,Run,5009.1,1809,2191,52.6,"[51.58500409685075, -0.27421186678111553]",9882FE76-0394-4C1C-BCE5-F0D659251F0F-activity.fit
140,7020406674,Evening Run,2022-04-21T19:07:13Z,Run,5008.3,1746,1746,40.3,"[43.86395204812288, -79.43136130459607]",garmin_push_8682775260
141,7003693173,üèÑüèæ‚Äç‚ôÄÔ∏èüèÑüèæ‚Äç‚ôÄÔ∏èüèÑüèæ‚Äç‚ôÄÔ∏è,2022-04-18T14:19:34Z,Surfing,1196.7,2620,2620,0,[],garmin_push_8663655100
142,6999436840,Evening Ride,2022-04-17T16:59:28Z,Ride,6544.5,2428,4399,3.5,"[32.67538033425808, -117.17360738664865]",BB02C141-279D-4A6E-9C8A-3B83A150E65A-activity.fit
143,6992317575,La Jolla Half Marathon!! ,2022-04-16T06:36:33Z,Run,21301.5,8129,8186,280.1,"[32.850326327607036, -117.27400112897158]",garmin_push_8650731891
144,6987340389,Balboa Park,2022-04-15T10:50:25Z,Walk,2478.1,2115,3771,17.0,"[32.7287223469466, -117.15078790672123]",70F4DCC2-72B4-435D-B181-0F63DBB23AEE-activity.fit
145,6972857732,Evening Run,2022-04-12T19:19:54Z,Run,5005.6,1764,1930,39.4,"[43.863973589614034, -79.4313471391797]",garmin_push_8628577199
146,6956912746,Afternoon Run,2022-04-09T17:21:27Z,Run,21194.1,8126,10061,53.9,"[43.952269898727536, -79.4313043076545]",garmin_push_8610230643
147,6937201050,Afternoon Run,2022-04-05T17:18:25Z,Run,1010.5,347,472,0.0,"[43.86547017842531, -79.4291644077748]",garmin_push_8587691798
148,6922666122,Afternoon Run,2022-04-02T17:18:35Z,Run,21111.5,7919,9975,65.2,"[43.95227392204106, -79.43137069232762]",garmin_push_8570844261
149,6913600671,Evening Run,2022-03-31T18:48:14Z,Run,10009.3,3650,4065,50.3,"[43.86336833238602, -79.43160647526383]",garmin_push_8560379689
150,6908492369,Afternoon Run,2022-03-30T16:22:28Z,Run,999.1,345,424,4.2,"[43.86421171948314, -79.43279821425676]",garmin_push_8554525270
151,6887506076,Afternoon Run,2022-03-26T14:15:53Z,Run,9962.1,3545,3806,111.3,"[43.85729287751019, -79.31168423965573]",garmin_push_8529952295
152,6877517675,Need new shoes üò¢,2022-03-24T17:37:50Z,Run,5007.9,1785,1945,39.7,"[43.863955065608025, -79.43131688050926]",garmin_push_8518710957
153,6867245075,Evening Run,2022-03-22T18:37:44Z,Run,10013.0,3785,3906,58.6,"[43.859165562316775, -79.43434878252447]",garmin_push_8506976499
154,6856805648,Evening Run,2022-03-20T18:26:31Z,Run,10029.5,3521,3737,59.7,"[43.85937754064798, -79.43438356742263]",garmin_push_8494871059
155,6850422233,Hike hike,2022-03-19T16:34:14Z,Hike,2745.1,2660,2835,59.6,"[45.04195712506771, -78.22499019093812]",2437AADD-BA64-42F4-BA04-AB788FD60A8B-activity.fit
156,6844137782,Afternoon Run,2022-03-18T13:19:15Z,Run,5015.5,1752,1801,30.4,"[45.05382874980569, -78.21759374812245]",garmin_push_8480738898
157,6838670938,Lunch Run,2022-03-17T11:36:35Z,Run,5015.0,1722,1739,40.5,"[43.86437793262303, -79.4317171163857]",garmin_push_8474490504
158,6835401664,Afternoon Run,2022-03-16T14:25:15Z,Run,5011.3,1805,1929,40.1,"[43.864217000082135, -79.43140438757837]",garmin_push_8470751391
159,6820245315,Afternoon Run,2022-03-13T15:41:32Z,Run,17008.8,6123,6512,108.6,"[43.86454280465841, -79.43067985586822]",garmin_push_8453007489
160,6809261242,Afternoon Run,2022-03-11T17:09:50Z,Run,5277.8,1935,1935,15.3,"[43.8642171677202, -79.43292712792754]",garmin_push_8440487636
161,6799602152,Afternoon Run,2022-03-09T16:24:18Z,Run,5017.5,1774,1832,40.7,"[43.86388993822038, -79.43132920190692]",garmin_push_8429318509
162,6799600821,Afternoon Run,2022-03-08T17:35:35Z,Run,3541.3,1308,1530,29.7,"[43.86853242293, -79.4155106227845]",garmin_push_8429317178
163,6783784100,Lunch Run,2022-03-06T12:12:30Z,Run,5015.4,1763,2034,39.7,"[43.864379273727536, -79.43176086992025]",garmin_push_8410965109
164,6777188703,Morning Run,2022-03-05T09:46:57Z,Run,8161.3,3008,3258,34.3,"[43.8674290291965, -79.31674120947719]",garmin_push_8403671196
165,6773495595,Afternoon Run,2022-03-04T16:46:01Z,Run,10011.9,3746,3749,50.0,"[43.86348559521139, -79.43141620606184]",garmin_push_8399507371
166,6763932706,Afternoon Run,2022-03-02T17:21:06Z,Run,5005.2,1944,1952,39.8,"[43.86401399038732, -79.43131411448121]",garmin_push_8388502210
167,6758919146,Afternoon Run,2022-03-01T17:14:42Z,Run,8009.2,3045,3112,47.1,"[43.86323355138302, -79.43098034709692]",garmin_push_8382664867
168,6749097190,Afternoon Run,2022-02-27T17:33:49Z,Run,5012.9,1681,1691,40.1,"[43.86389672756195, -79.43135174922645]",garmin_push_8371256348
169,6743638927,Afternoon Activity,2022-02-26T16:58:13Z,AlpineSki,18096.2,10231,14093,917.9,"[44.02759185992181, -79.06253761611879]",907AB9B4-4787-42A5-8BA2-A587074CD367-activity.fit
170,6742247247,Lunch Run,2022-02-26T12:26:54Z,Run,5050.0,1802,1943,30.1,"[43.864974305033684, -79.43327338434756]",garmin_push_8363709503
171,6733703470,Afternoon Run,2022-02-24T17:31:20Z,Run,5167.3,1908,1908,7.6,"[43.863542173057795, -79.43155216053128]",garmin_push_8354033969
172,6726140720,Morning Run,2022-02-23T07:18:34Z,Run,7021.0,2529,2529,22.4,"[43.86359799653292, -79.43152114748955]",garmin_push_8345400401
173,6718558244,Afternoon Run,2022-02-21T17:16:45Z,Run,7155.2,2462,2474,26.6,"[43.86456677690148, -79.43293668329716]",garmin_push_8336757633
174,6712337713,Morning Run,2022-02-20T10:33:21Z,Run,4003.6,1567,1570,12.3,"[43.8654447812587, -79.433499192819]",garmin_push_8329593693
175,6708948860,Afternoon Activity,2022-02-19T16:40:22Z,AlpineSki,13776.7,5658,11066,892.6,"[44.623077, -79.667669]",92dd0c18-d8c1-441b-8286-4fc41dbc7967-activity.fit
176,6697729004,Lunch Run,2022-02-17T12:17:47Z,Run,3354.0,1272,1394,15.1,"[43.8674686755985, -79.4309660140425]",garmin_push_8313199092
177,6694019140,Afternoon Run,2022-02-16T16:34:21Z,Run,5542.9,2029,2140,21.2,"[43.86435027234256, -79.43289527669549]",garmin_push_8309083644
178,6689104433,Afternoon Run,2022-02-15T16:51:11Z,Run,7197.3,2571,2571,28.9,"[43.863670248538256, -79.43167068064213]",garmin_push_8303441123
179,6679801380,Afternoon Run,2022-02-13T17:07:47Z,Run,5026.3,1657,1657,20.5,"[43.86548610404134, -79.43362358026206]",garmin_push_8292542411
180,6671380035,Morning Run,2022-02-12T08:30:39Z,Run,3084.8,1184,1189,10.8,"[43.863738561049104, -79.43212380632758]",garmin_push_8283224151
181,6666060029,Morning Run,2022-02-11T07:38:55Z,Run,10006.5,3519,3519,31.7,"[43.86424566619098, -79.43279938772321]",garmin_push_8277194305
182,6655595425,Morning Run,2022-02-09T07:37:42Z,Run,5566.5,1952,1952,17.4,"[43.864432498812675, -79.43295822478831]",garmin_push_8265274307
183,6650116464,Morning Run,2022-02-08T07:38:22Z,Run,7294.0,2543,2543,23.0,"[43.86407249607146, -79.43272604607046]",garmin_push_8259109903
184,6642710618,Afternoon Run,2022-02-06T16:06:41Z,Run,6151.1,2208,2220,20.0,"[43.86419344693422, -79.43279041908681]",garmin_push_8250593498
185,6637839431,Night Ski,2022-02-05T17:11:30Z,AlpineSki,16613.8,8935,11095,895.0,"[44.027898302301764, -79.06245647929609]",A8C2C250-89E2-4FCE-B064-BB69E0404F29-activity.fit
186,6635454305,Morning Run,2022-02-05T09:40:33Z,Run,5031.7,1793,1992,11.4,"[43.95225581713021, -79.4311438780278]",garmin_push_8242612506
187,6631912096,Afternoon Run,2022-02-04T16:36:05Z,Run,5177.8,1989,1989,17.7,"[43.86364342644811, -79.43180093541741]",garmin_push_8238689080
188,6631910874,Evening Run,2022-02-03T18:54:47Z,Run,18.0,35,35,0,[],garmin_push_8238687814
189,6621156639,Lunch Run,2022-02-02T12:09:17Z,Run,4725.7,1680,2016,34.4,"[43.864238038659096, -79.43117304705083]",garmin_push_8226561950
190,6615952390,Lunch Run,2022-02-01T12:34:28Z,Run,5016.7,1793,2047,39.8,"[43.86422362178564, -79.4312057364732]",garmin_push_8220760243
191,6608012788,Ski with Angie ü•∞,2022-01-30T15:58:50Z,AlpineSki,12421.3,7531,14198,785.3,"[44.41202038899064, -79.79070304892957]",2B48D398-5915-46C5-89B1-EF755B449818-activity.fit
192,6606307366,Lunch Run,2022-01-30T11:44:08Z,Run,3029.7,956,956,15.3,"[43.864087080582976, -79.43262378685176]",garmin_push_8209718052
193,6600199910,Morning Run,2022-01-29T10:19:54Z,Run,4615.2,1738,1887,11.0,"[43.95224869251251, -79.43150631152093]",garmin_push_8203153173
194,6596420451,Afternoon Run,2022-01-28T16:44:21Z,Run,5027.9,1751,1751,17.7,"[43.86333321221173, -79.43165886215866]",garmin_push_8198948680
195,6592434694,Evening Run,2022-01-27T19:10:23Z,Run,5530.2,2066,2066,19.6,"[43.95225749351084, -79.43115510977805]",garmin_push_8194317228
196,6586955789,Afternoon Run,2022-01-26T16:29:23Z,Run,7382.9,2746,2795,47.0,"[43.86036777868867, -79.43351972848177]",garmin_push_8188273147
197,6576232155,Afternoon Run,2022-01-24T15:50:25Z,Run,5184.7,2021,2021,17.7,"[43.863595984876156, -79.43185809999704]",garmin_push_8176316916
198,6571464580,Afternoon Run,2022-01-23T14:56:26Z,Run,5187.8,1777,1836,17.6,"[43.86414147913456, -79.43276535719633]",garmin_push_8170766568
199,6565921985,Afternoon Activity,2022-01-22T14:58:18Z,AlpineSki,9970.0,7317,10946,425.2,"[44.0119955688715, -79.05961342155933]",A756D704-D855-4E4C-993B-9FCF1A52BEAB-activity.fit
200,6560266623,Afternoon Run,2022-01-21T16:45:27Z,Run,5023.1,1791,1791,17.9,"[43.863876862451434, -79.43243117071688]",garmin_push_8158648358
201,6550791735,Afternoon Run,2022-01-19T16:29:53Z,Run,5078.6,1770,1882,32.2,"[43.863961016759276, -79.43256276659667]",garmin_push_8148071630
202,6545494997,Post shovel run ,2022-01-18T16:09:45Z,Run,5257.8,1995,1995,23.3,"[43.86350973509252, -79.43149650469422]",garmin_push_8142160019
203,6535531360,Afternoon Walk,2022-01-16T15:25:09Z,Walk,5030.2,4441,5238,10.3,"[43.86441959068179, -79.43172507919371]",d752619a-a87d-47ee-aabc-d1347749a9a0-activity.fit
204,6529353329,Feels like -23ü•∂,2022-01-15T14:45:21Z,Run,9186.4,3193,3457,21.9,"[43.952123802155256, -79.43082846701145]",garmin_push_8124299069
205,6519259424,Afternoon Run,2022-01-13T16:25:20Z,Run,5011.1,1705,1716,40.1,"[43.86411063373089, -79.43124320358038]",garmin_push_8113161291
206,6511699561,Morning Run,2022-01-12T07:33:10Z,Run,10073.0,3561,3784,49.8,"[43.863370176404715, -79.43158308975399]",garmin_push_8104716370
207,6508911258,Afternoon Run,2022-01-11T16:19:26Z,Run,5018.9,1802,1834,20.4,"[43.86481228284538, -79.4305376149714]",garmin_push_8101648846
208,6503646093,Lunch Run,2022-01-10T12:12:23Z,Run,1006.9,339,418,0.0,"[43.863833947107196, -79.43238750100136]",garmin_push_8095805075
209,6499065476,Afternoon Run,2022-01-09T15:57:07Z,Run,7484.1,2619,2775,46.0,"[43.861277801916, -79.4320955593139]",garmin_push_8090407866
210,6492736634,Afternoon Run,2022-01-08T13:14:02Z,Run,8766.4,3296,3964,24.2,"[43.95225112326443, -79.43111496046185]",garmin_push_8083608529
211,6487139047,Balaclava season,2022-01-07T11:44:29Z,Run,5021.1,1853,1989,40.4,"[43.86436535976827, -79.4317049626261]",garmin_push_8077335788
212,6487136468,Afternoon Run,2022-01-06T14:37:42Z,Run,5025.7,1817,1961,39.4,"[43.86439763009548, -79.43175609223545]",garmin_push_8077332772
213,6472334011,Lunch Run,2022-01-04T12:05:56Z,Run,5034.3,1839,1839,39.4,"[43.86425379663706, -79.43124119192362]",garmin_push_8060705558
214,6469052677,Afternoon Activity,2022-01-03T14:39:54Z,AlpineSki,4934.8,2374,4186,421.8,"[44.506359212100506, -80.31799784861505]",2A69EA30-D792-416A-96CA-DE0E05E3DBBF-activity.fit
215,6457906445,Afternoon Run,2022-01-01T16:22:45Z,Run,5017.1,1755,1787,39.8,"[43.86429084464908, -79.43120540119708]",garmin_push_8044638844
216,6453396336,Afternoon Run,2021-12-31T15:40:58Z,Run,10336.0,3671,3918,62.3,"[43.86121376417577, -79.4322076253593]",garmin_push_8039504290
217,6448691748,Afternoon Run,2021-12-30T15:56:06Z,Run,10091.4,3532,3827,49.8,"[43.86327135376632, -79.431181428954]",garmin_push_8034125312
218,6443830559,Afternoon Run,2021-12-29T13:46:04Z,Run,10059.0,3495,3561,49.6,"[43.86347000487149, -79.4315273500979]",garmin_push_8028561749
219,6439597479,Afternoon Run,2021-12-28T15:28:39Z,Run,2247.1,815,815,10.2,"[43.86556279845536, -79.42886433564126]",garmin_push_8023662429
220,6426612062,Afternoon Run,2021-12-25T13:08:54Z,Run,10006.4,3603,3803,51.4,"[43.86408037506044, -79.43097540177405]",garmin_push_8008662858
221,6423310849,Lunch Run,2021-12-24T12:18:56Z,Run,5005.1,1774,1929,40.1,"[43.86384543031454, -79.43141612224281]",garmin_push_8004700058
222,6416770729,Afternoon Run,2021-12-22T16:21:30Z,Run,5026.9,1799,1955,39.3,"[43.86438874527812, -79.43171979859471]",garmin_push_7997379959
223,6412263914,Afternoon Run,2021-12-21T14:21:05Z,Run,5013.0,1763,2199,39.1,"[43.86428078636527, -79.43128251470625]",garmin_push_7992364017
224,6404714490,Afternoon Run,2021-12-19T14:51:24Z,Run,10028.7,3639,3994,50.1,"[43.86410384438932, -79.43102451972663]",garmin_push_7983819590
225,6396044049,Afternoon Run,2021-12-17T16:13:33Z,Run,5011.0,1771,2093,40.0,"[43.86370511725545, -79.43141268566251]",garmin_push_7974305364
226,6392461572,Afternoon Run,2021-12-16T16:05:22Z,Run,3501.0,1222,1265,29.3,"[43.86516423895955, -79.42990595474839]",garmin_push_7970202807
227,6388553148,Afternoon Run,2021-12-15T15:47:55Z,Run,5008.3,1692,1729,39.5,"[43.863843670114875, -79.43138678558171]",garmin_push_7965741689
228,6380368462,Afternoon Run,2021-12-13T16:10:07Z,Run,5003.9,1722,1722,39.4,"[43.86403293348849, -79.43132668733597]",garmin_push_7956341214
229,6376780671,Afternoon Run,2021-12-12T16:20:21Z,Run,5010.2,1716,1734,40.1,"[43.86398322880268, -79.4313696026802]",garmin_push_7952064040
230,6370795343,Morning Run,2021-12-11T09:50:21Z,Run,5140.6,1792,1797,23.9,"[43.95255044102669, -79.43179707974195]",garmin_push_7945538421
231,6366331573,Morning Run,2021-12-10T07:56:30Z,Run,5008.7,1826,2020,40.4,"[43.8642724044621, -79.4313437025994]",garmin_push_7940505779
232,6356283824,Afternoon Run,2021-12-07T16:18:06Z,Run,5009.7,1831,1999,39.3,"[43.86390494182706, -79.43137446418405]",garmin_push_7929068004
233,6351280290,Lunch Run,2021-12-06T12:07:16Z,Run,5039.3,1739,1791,40.2,"[43.86353169567883, -79.43142685107887]",garmin_push_7923410763
234,6343792395,Afternoon Run,2021-12-04T15:52:52Z,Run,5014.2,1675,1689,39.1,"[43.86396646499634, -79.43133666180074]",garmin_push_7914929894
235,6338819063,Lunch Run,2021-12-03T12:11:21Z,Run,5010.3,1895,2172,40.0,"[43.86377745307982, -79.43140740506351]",garmin_push_7909418779
236,6331682931,Afternoon Run,2021-12-01T16:23:15Z,Run,5007.7,1775,1775,39.0,"[43.86361199431121, -79.43146088160574]",garmin_push_7901355188
237,6327416368,Afternoon Run,2021-11-30T15:49:44Z,Run,5014.3,1722,1769,39.1,"[43.86469770222902, -79.43077775649726]",garmin_push_7896564538
238,6318396480,Morning Run,2021-11-28T10:46:35Z,Run,5020.1,1898,2187,20.3,"[43.864692421630025, -79.4307363498956]",garmin_push_7886299270
239,6313566824,Morning Run,2021-11-27T09:14:42Z,Run,10022.6,3628,3681,18.7,"[43.95108402706683, -79.42997083067894]",garmin_push_7881052158
240,6310876473,Afternoon Run,2021-11-26T16:40:48Z,Run,5032.5,1823,1831,39.8,"[43.863530941307545, -79.43141494877636]",garmin_push_7878021656
241,6303040009,Afternoon Run,2021-11-24T16:12:18Z,Run,5020.2,1744,1744,39.1,"[43.863969314843416, -79.43132098764181]",garmin_push_7869296558
242,6293122060,Monday üò¥,2021-11-22T12:06:24Z,Run,5017.4,1823,1951,13.5,"[43.864303417503834, -79.4314631447196]",garmin_push_7858227646
243,6290269799,Afternoon Run,2021-11-21T16:13:19Z,Run,5019.6,1752,1767,16.3,"[43.86391608975828, -79.43130531348288]",garmin_push_7854902382
244,6283671406,Run Club,2021-11-20T09:39:38Z,Run,5200.6,1843,1904,14.6,"[43.952088095247746, -79.43116005510092]",garmin_push_7847797943
245,6280456563,Afternoon Run,2021-11-19T16:26:09Z,Run,5004.8,1698,1698,31.6,"[43.863606629893184, -79.43236202001572]",garmin_push_7844270699
246,6275345980,Lunch Run,2021-11-18T11:14:17Z,Run,5140.8,1747,1747,23.6,"[43.86438740417361, -79.43289686925709]",garmin_push_7838462663
247,6270046042,Morning Run,2021-11-17T07:34:53Z,Run,5067.0,1800,2044,39.3,"[43.863628171384335, -79.43140220828354]",garmin_push_7832531778
248,6261996441,Lunch Run,2021-11-15T12:06:24Z,Run,5018.7,1746,1803,40.2,"[43.86415866203606, -79.4312194827944]",garmin_push_7823515932
249,6252254945,RUN CLUB,2021-11-13T09:43:36Z,Run,4745.6,1755,1764,12.1,"[43.95230426453054, -79.43141561932862]",garmin_push_7812852888
250,6252252222,Lunch Run,2021-11-12T12:07:16Z,Run,2089.8,745,745,10.4,"[43.86662092991173, -79.42803469486535]",garmin_push_7812849940
251,6244232087,Lunch Run,2021-11-11T12:41:55Z,Run,5077.4,1814,2060,39.5,"[43.86358282528818, -79.43145895376801]",garmin_push_7803848160
252,6239417126,Lunch Run,2021-11-10T12:27:31Z,Run,3202.2,1142,1147,19.8,"[43.86381450109184, -79.43222179077566]",garmin_push_7798464173
253,6234705742,Lunch Run,2021-11-09T12:10:05Z,Run,5066.6,1770,1770,40.1,"[43.863540077582, -79.4314961694181]",garmin_push_7793175947
254,6230032930,Lunch Run,2021-11-08T12:04:48Z,Run,5017.4,1761,1872,40.4,"[43.86407542973757, -79.43124228157103]",garmin_push_7787876240
255,6226498983,A confused outfit run ,2021-11-07T13:31:40Z,Run,5062.0,1773,2364,39.4,"[43.86357570067048, -79.43149968981743]",garmin_push_7783728354
256,6221337773,Afternoon Run,2021-11-06T15:39:25Z,Run,5311.1,1832,2454,23.4,"[43.86611005291343, -79.43405918776989]",garmin_push_7778147183
257,6212643727,Afternoon Run,2021-11-04T17:43:04Z,Run,5057.4,1922,1924,16.4,"[43.863463047891855, -79.43132048472762]",garmin_push_7768526444
258,6208173911,Afternoon Run,2021-11-03T17:25:33Z,Run,7638.6,2627,2765,47.0,"[43.863277891650796, -79.43140178918839]",garmin_push_7763591192
259,6203693277,Afternoon Run,2021-11-02T17:51:33Z,Run,5100.3,1779,1779,40.1,"[43.863598415628076, -79.43147856742144]",garmin_push_7758462741
260,6198799930,Afternoon Run,2021-11-01T17:19:26Z,Run,5021.7,1661,1661,40.2,"[43.86415581218898, -79.4312458857894]",garmin_push_7753082852
261,6189275082,Afternoon Run,2021-10-30T17:21:22Z,Run,5008.8,1706,1796,40.1,"[43.86386395432055, -79.43234760314226]",garmin_push_7741813218
262,6183696932,Lunch Run,2021-10-29T12:06:42Z,Run,5016.4,1829,1829,20.9,"[43.86463307775557, -79.43082167766988]",garmin_push_7735652897
263,6179549909,Lunch Run,2021-10-28T12:22:32Z,Run,5581.4,1990,2527,42.6,"[43.86420350521803, -79.43115133792162]",garmin_push_7730962952
264,6174819818,Lunch Run,2021-10-27T12:11:10Z,Run,5051.9,1861,1882,33.0,"[43.86364744976163, -79.43143548443913]",garmin_push_7725717868
265,6165116232,Lunch Run,2021-10-25T12:04:13Z,Run,5003.3,1782,1809,40.0,"[43.86405447497964, -79.4312955904752]",garmin_push_7714982198
266,6155799016,Morning Run,2021-10-23T08:14:19Z,Run,13008.6,4651,5756,24.4,"[49.28951061330736, -123.12174224294722]",garmin_push_7704648298
267,6145843733,Morning Run,2021-10-21T07:07:02Z,Run,8009.7,2639,3051,0.0,"[49.29039314389229, -123.1213235668838]",garmin_push_7693803690
268,6136988982,Lunch Run,2021-10-19T12:45:36Z,Run,5006.4,1773,1906,20.8,"[43.864773977547884, -79.43067776039243]",garmin_push_7683993644
269,6127296989,Scotiabank 10K with Natipooo‚ù§Ô∏è‚ù§Ô∏è,2021-10-17T10:11:03Z,Run,10096.7,3411,3418,20.6,"[43.635257, -79.407551]",garmin_push_7672982055
270,6122057664,Cool downn,2021-10-16T11:41:44Z,Run,2001.8,736,736,13.2,"[43.868552, -79.431341]",garmin_push_7667378190
271,6121896509,Morning Run,2021-10-16T10:51:30Z,Run,5040.3,1824,2016,39.3,"[43.863662, -79.431429]",garmin_push_7667208744
272,6114058725,Evening Run,2021-10-14T18:20:39Z,Run,3014.9,1049,1049,13.2,"[43.864582, -79.430983]",garmin_push_7658451389
273,6109325273,Evening Run,2021-10-13T18:00:17Z,Run,5015.6,1708,2200,42.9,"[43.864534, -79.433009]",garmin_push_7653227010
274,6101848735,Morning Run,2021-10-12T08:08:21Z,Run,5012.7,1747,1784,20.8,"[43.864498, -79.430918]",garmin_push_7645039746
275,6095061298,Evening Run,2021-10-10T18:36:23Z,Run,5008.4,1653,1653,40.2,"[43.864028, -79.431293]",garmin_push_7637432390
276,6087871445,Lunch Run,2021-10-09T11:07:53Z,Run,5004.8,1758,2000,39.3,"[43.863972, -79.431305]",garmin_push_7629579374
277,6082805976,Lunch Run,2021-10-08T12:05:05Z,Run,5085.0,1777,1831,38.2,"[43.863671, -79.431457]",garmin_push_7624110356
278,6073027676,Lunch Run,2021-10-06T12:07:40Z,Run,5125.4,1809,1809,20.9,"[43.863674, -79.431436]",garmin_push_7613335024
279,6069646357,Evening Run,2021-10-05T18:42:06Z,Run,5003.9,1587,1587,39.2,"[43.86403, -79.431304]",garmin_push_7609567565
280,6059538822,Afternoon Run,2021-10-03T14:35:09Z,Run,7024.2,2348,2795,30.1,"[43.863417, -79.431348]",garmin_push_7598171351
281,6053736106,Lunch Run,2021-10-02T12:38:15Z,Run,10120.3,3583,3948,68.2,"[43.860059, -79.434412]",garmin_push_7591851472
282,6048369104,Afternoon Run,2021-10-01T13:15:01Z,Run,3005.5,938,938,10.2,"[43.864248, -79.432844]",garmin_push_7585971448
283,6043162737,Lunch Run,2021-09-30T11:09:41Z,Run,5100.2,1855,1865,39.4,"[43.863624, -79.431401]",garmin_push_7580189957
284,6038560519,Lunch Run,2021-09-29T12:07:07Z,Run,5004.4,1775,1861,39.4,"[43.864146, -79.4312]",garmin_push_7575146573
285,6033369147,Lunch Ride,2021-09-28T12:06:15Z,Ride,6793.5,1579,1649,18.1,"[43.864479, -79.431814]",garmin_push_7569445612
286,6023775777,Lunch Run,2021-09-26T12:04:45Z,Run,5004.1,1687,1786,39.9,"[43.864044, -79.43125]",garmin_push_7558692439
287,6017907630,Lunch Run,2021-09-25T12:10:50Z,Run,3005.9,997,997,13.2,"[43.864409, -79.431158]",garmin_push_7552439754
288,6011167034,Latte run ,2021-09-24T07:47:04Z,Run,5445.7,1918,1921,39.3,"[43.862109, -79.435399]",garmin_push_7545088240
289,6002181274,‚òîÔ∏è,2021-09-22T12:04:38Z,Run,5009.7,1769,1769,39.5,"[43.864088, -79.431228]",garmin_push_7535289824
290,5996593833,Lunch Run,2021-09-21T12:03:40Z,Run,5014.4,1739,1756,39.8,"[43.864012, -79.431274]",garmin_push_7529249886
291,5987757738,Post-tennis run club ,2021-09-19T14:48:28Z,Run,3114.8,1023,1027,12.6,"[44.029506, -79.447724]",E3072EB5-A290-4B88-9037-F8FF26925596.fit
292,5982080236,Afternoon Run,2021-09-18T16:10:07Z,Run,8002.3,2854,2935,46.8,"[43.863415, -79.431281]",garmin_push_7513149937
293,5970399727,Lunch Run,2021-09-16T12:07:57Z,Run,5078.5,1777,1777,20.8,"[43.864468, -79.43092]",garmin_push_7500204209
294,5965100085,Lunch Run,2021-09-15T12:02:41Z,Run,5006.5,1767,1767,40.2,"[43.864156, -79.431155]",garmin_push_7494365799
295,5959659254,Lunch Run,2021-09-14T12:03:57Z,Run,5006.4,1742,1750,22.8,"[43.863527, -79.43149]",garmin_push_7488267397
296,5950876943,Afternoon Run,2021-09-12T15:37:36Z,Run,10009.1,3643,4012,50.1,"[43.863172, -79.431392]",garmin_push_7477967507
297,5939105200,Evening Run,2021-09-10T18:02:12Z,Run,5006.5,1708,1716,21.1,"[43.864934, -79.430476]",garmin_push_7465029660
298,5934358262,Afternoon Run,2021-09-09T17:22:16Z,Run,8019.7,2679,2679,47.0,"[43.863171, -79.430937]",garmin_push_7459602424
299,5929230658,Evening Run,2021-09-08T18:21:12Z,Run,5006.1,1705,1705,41.1,"[43.864915, -79.430465]",garmin_push_7453751613
300,5923689479,Oops,2021-09-07T18:34:31Z,Run,1689.8,596,596,17.2,"[43.872614, -79.428065]",garmin_push_7447439374
301,5906623005,Evening Run,2021-09-04T18:15:39Z,Run,10008.3,3449,3450,57.7,"[43.85634, -79.433645]",garmin_push_7428493526
302,5901065226,Evening Ride,2021-09-03T18:20:42Z,Ride,18566.2,4852,6562,75.7,"[43.893959, -79.376278]",5A16D274-77E1-4BD5-9671-F2B9CB3EF618-activity.fit
303,5896190301,Smol ride to the pond w/ Eunice ,2021-09-02T19:25:19Z,Ride,5723.2,1711,2190,23.5,"[43.864317, -79.431737]",9BC773A0-BB45-4536-9F1D-72885F919E77-activity.fit
304,5892893552,Morning Run,2021-09-02T07:51:59Z,Run,5013.8,1719,1719,39.3,"[43.864821, -79.430631]",garmin_push_7413387159
305,5885184891,Evening Run,2021-08-31T18:53:20Z,Run,8008.8,2818,2818,47.4,"[43.864403, -79.430792]",garmin_push_7404891573
306,5879472948,Evening Run,2021-08-30T18:34:33Z,Run,5057.9,1792,1803,40.1,"[43.863519, -79.431515]",garmin_push_7398635016
307,5867376500,Lunch Run,2021-08-28T11:17:52Z,Run,4009.5,1526,1837,29.8,"[43.865428, -79.429319]",garmin_push_7385358512
308,5858950222,Evening Run,2021-08-26T19:12:56Z,Run,5148.2,1866,1866,20.9,"[43.863526, -79.431509]",garmin_push_7376228523
309,5844658545,Morning Run,2021-08-24T07:47:33Z,Run,5089.6,1786,1798,39.7,"[43.863555, -79.431444]",garmin_push_7360932401
310,5839682678,Morning Run,2021-08-23T07:18:05Z,Run,6001.0,2248,2590,29.4,"[51.178457, -115.570964]",garmin_push_7355560079
311,5836026105,Morning Activity,2021-08-22T10:23:39Z,Canoeing,2886.2,3197,3544,3.3,"[51.17806, -115.577178]",97C661D1-FB09-4626-8D9C-83346990F3E4-activity.fit
312,5814606515,Valley of the Five Lakes ,2021-08-18T10:17:55Z,Hike,6141.1,9657,10833,138.0,"[52.808795, -118.022912]",garmin_push_7328458708
313,5812757456,Annette Lake Loop,2021-08-18T07:29:15Z,Run,2349.6,796,1027,10.9,"[52.904537, -118.046151]",garmin_push_7326397701
314,5804562076,Maligne Canyon ,2021-08-16T10:32:16Z,Hike,2414.5,3753,4663,111.5,"[52.920197, -117.998446]",garmin_push_7317513846
315,5801973988,Morning Jasper üòª,2021-08-16T07:31:26Z,Run,4020.6,1412,1501,13.7,"[52.87916, -118.079923]",garmin_push_7314743509
316,5793971956,Afternoon Activity,2021-08-14T16:41:46Z,Kayaking,12357.7,7929,8460,18.1,"[51.045872, -114.037206]",7F878575-B2B3-443A-B44C-5FDBA04C633D-activity.fit
317,5780363513,Morning Run,2021-08-12T07:45:58Z,Run,5010.5,1771,1776,39.4,"[43.864459, -79.430996]",garmin_push_7291309332
318,5768890208,Morning Run,2021-08-10T07:42:36Z,Run,5072.4,1811,1811,39.0,"[43.863525, -79.431435]",garmin_push_7278859892
319,5761548125,Evening Run,2021-08-08T19:40:49Z,Run,10009.0,3747,3858,54.9,"[43.857504, -79.433916]",garmin_push_7270627162
320,5750515281,Evening Run,2021-08-06T20:33:19Z,Run,1519.2,535,535,4.3,"[43.863833, -79.43146]",garmin_push_7258733925
321,5750471701,Evening Run,2021-08-06T20:00:59Z,Run,3523.6,1221,1361,29.9,"[43.868674, -79.414833]",garmin_push_7258693376
322,5745786838,Evening Ride,2021-08-05T19:33:24Z,Ride,11304.2,2989,3441,50.4,"[43.864442, -79.431828]",garmin_push_7253458018
323,5742607149,Morning Run,2021-08-05T07:46:12Z,Run,5008.4,1790,1790,40.2,"[43.864122, -79.431241]",garmin_push_7250063679
324,5737175364,Morning Run,2021-08-04T07:49:44Z,Run,5008.4,1780,1780,35.6,"[43.865343, -79.429655]",garmin_push_7244236587
325,5734758999,Evening Run,2021-08-03T18:41:56Z,Run,5007.2,1687,1687,39.9,"[43.864218, -79.431125]",garmin_push_7241617457
326,5723735812,Lunch Walk,2021-08-01T11:25:34Z,Walk,13626.4,9358,21672,49.8,"[45.50618, -73.57101]",275EFCE8-2997-4274-84C3-5008D1EF22E6-activity.fit
327,5708583059,Evening Run/walk,2021-07-29T18:39:11Z,Run,10011.4,3811,4074,56.3,"[43.858028, -79.434215]",garmin_push_7212860575
328,5703284587,Evening Run,2021-07-28T19:00:49Z,Run,5009.8,1731,1763,39.7,"[43.863934, -79.431304]",garmin_push_7206972028
329,5697933488,Evening Run,2021-07-27T18:49:27Z,Run,3011.0,1031,1031,14.2,"[43.863722, -79.432035]",garmin_push_7201158526
330,5692498319,Evening Run,2021-07-26T18:43:49Z,Run,7018.4,2562,2758,52.6,"[43.864233, -79.431085]",garmin_push_7195310189
331,5680232965,Morning Run,2021-07-24T10:49:26Z,Run,13014.4,4874,5693,69.8,"[43.860747, -79.432697]",garmin_push_7182246051
332,5671357174,Evening Run,2021-07-22T18:27:50Z,Run,5010.4,1839,1843,44.0,"[43.865322, -79.429678]",garmin_push_7172617242
333,5666022915,Evening Run,2021-07-21T18:36:13Z,Run,5040.9,1742,1742,18.9,"[43.8633, -79.431258]",garmin_push_7166833780
334,5660518526,Evening Run,2021-07-20T18:36:18Z,Run,5010.7,1798,1932,15.7,"[43.862305, -79.431589]",garmin_push_7160843030
335,5655198124,There‚Äôs a bug in my code and I can‚Äôt find it!!üë∫,2021-07-19T20:41:17Z,Run,2017.3,657,657,10.4,"[43.865476, -79.428867]",garmin_push_7155092848
336,5648963197,Kayak with OOnnice,2021-07-18T13:08:56Z,Kayaking,2995.4,1234,3668,0.0,"[43.951916, -79.431137]",DB8EB6D2-6DF5-4DD4-AF45-43AF542A426B-activity.fit
337,5641740853,Morning Run,2021-07-17T09:24:55Z,Run,5012.1,1772,1772,21.5,"[43.864513, -79.430928]",garmin_push_7140741092
338,5631045477,Low HR training 2,2021-07-15T07:41:20Z,Run,5028.3,1858,1866,16.3,"[43.863488, -79.431349]",garmin_push_7129310827
339,5623458938,Low HR training ,2021-07-13T18:37:49Z,Run,5087.1,1900,1900,18.1,"[43.863363, -79.431372]",garmin_push_7121264832
340,5615210147,Morning Run,2021-07-12T07:48:49Z,Run,5002.3,1798,1802,17.1,"[43.863393, -79.431585]",garmin_push_7112420165
341,5605023391,Morning Run,2021-07-10T09:38:29Z,Run,4001.7,1395,1644,37.9,"[43.867376, -79.42063]",garmin_push_7101605084
342,5597480539,Evening Run,2021-07-08T20:17:24Z,Run,5043.8,1759,1759,17.0,"[43.863284, -79.431197]",garmin_push_7093498185
343,5592062059,Evening Run,2021-07-07T18:23:40Z,Run,5006.5,1732,1967,39.8,"[43.864206, -79.431105]",garmin_push_7087842162
344,5578456618,Morning Run,2021-07-05T08:00:46Z,Run,5189.9,1812,1902,26.1,"[43.863384, -79.431156]",garmin_push_7073335806
345,5569848474,Moore‚Äôs falls,2021-07-03T11:10:50Z,Kayaking,9523.8,7270,10787,36.3,"[45.505639, -77.983349]",B53C70C9-E82D-48F7-8932-6D43E6DFA0B9-activity.fit
346,5565298983,Afternoon Activity,2021-07-02T17:52:08Z,Kayaking,2606.7,3076,3844,19.3,"[45.505655, -77.983525]",F1C12447-8758-42B3-8AB2-5531D0BA9507-activity.fit
347,5562976598,Morning Walk,2021-07-02T08:19:31Z,Walk,2999.5,2602,2644,5.6,"[45.50664, -77.9825]",garmin_push_7056905277
348,5560569559,Evening Run,2021-07-01T18:21:34Z,Run,1188.6,392,392,10.6,"[45.506618, -77.982729]",garmin_push_7054325525
349,5552588090,Morning Run,2021-06-30T07:26:37Z,Run,5009.9,1668,1827,40.0,"[43.863868, -79.431385]",garmin_push_7045925601
350,5550346341,üåß‚ö°Ô∏è,2021-06-29T18:35:58Z,Run,2467.3,851,851,10.4,"[43.864366, -79.4311]",garmin_push_7043495253
351,5540744442,Evening Run,2021-06-27T20:34:12Z,Run,5009.5,1804,1845,18.0,"[43.86384, -79.432645]",garmin_push_7033033062
352,5534641604,Evening Run,2021-06-26T19:21:21Z,Run,3018.6,1055,1055,20.0,"[43.865356, -79.433458]",garmin_push_7026692438
353,5526432560,Morning Run,2021-06-25T07:42:21Z,Run,3122.4,1124,1124,14.2,"[43.863575, -79.431576]",garmin_push_7018061641
354,5515902323,Morning Run,2021-06-23T07:22:02Z,Run,5020.4,1726,1726,38.8,"[43.863866, -79.431366]",garmin_push_7007001783
355,5487760133,Evening Run,2021-06-17T18:44:54Z,Run,5010.1,1741,1895,38.8,"[43.863825, -79.431398]",garmin_push_6977140472
356,5479273515,Morning Run,2021-06-16T07:35:39Z,Run,5107.0,1799,2025,39.1,"[43.86353, -79.431452]",garmin_push_6968224407
357,5466241988,Night Run,2021-06-13T21:01:35Z,Run,1650.2,511,511,4.3,"[43.864008, -79.43129]",garmin_push_6954357059
358,5460008332,Vibe-ing,2021-06-12T20:33:52Z,Run,5439.2,1950,1950,19.8,"[43.863458, -79.431243]",garmin_push_6947944970
359,5451285720,Morning Run,2021-06-11T07:36:15Z,Run,5022.7,1702,1702,39.2,"[43.863879, -79.431344]",garmin_push_6938900024
360,5440170218,Morning Run,2021-06-09T07:37:21Z,Run,4011.4,1428,1550,30.4,"[43.865309, -79.429791]",garmin_push_6927275296
361,5428749165,Morning Run,2021-06-07T07:28:09Z,Run,5049.5,1749,1791,40.1,"[43.863548, -79.431469]",garmin_push_6915296604
362,5419143564,Morning Walk,2021-06-05T09:56:00Z,Hike,6798.3,11406,13689,215.6,"[43.124951, -79.074995]",garmin_push_6905501924
363,5414453950,Evening Run,2021-06-04T18:51:19Z,Run,10114.2,3614,4069,57.5,"[43.860254, -79.434138]",garmin_push_6900664002
364,5403845802,Evening Run,2021-06-02T20:10:21Z,Run,5065.7,1756,1898,39.1,"[43.86351, -79.431444]",garmin_push_6889633249
365,5386493635,Evening Run,2021-05-30T19:53:35Z,Run,5021.7,1638,1638,40.1,"[43.864215, -79.431187]",garmin_push_6871492955
366,5379961868,Evening Walk,2021-05-29T18:16:52Z,Walk,3838.0,3277,4135,6.3,"[43.659887, -79.311826]",51D40D28-BC88-4048-9AF3-5D483B224A5D-activity.fit
367,5379256756,Afternoon Run,2021-05-29T15:15:00Z,Run,2597.2,871,871,12.3,"[43.864274, -79.431128]",garmin_push_6864186100
368,5379166948,Afternoon Run,2021-05-29T14:50:37Z,Run,2381.4,818,933,26.3,"[43.870922, -79.421488]",garmin_push_6864096579
369,5369548081,Evening Run,2021-05-27T20:13:09Z,Run,5006.6,1653,1825,17.0,"[43.863521, -79.431232]",garmin_push_6854015003
370,5363950410,Evening Run,2021-05-26T19:04:49Z,Run,5080.6,1712,1852,38.8,"[43.86356, -79.431463]",garmin_push_6848384538
371,5351232876,Lunch Run,2021-05-24T12:41:10Z,Run,5006.9,1748,1867,39.4,"[43.863984, -79.431303]",garmin_push_6835396361
372,5347111310,Afternoon Run,2021-05-23T15:42:02Z,Run,2005.8,725,725,6.6,"[43.864915, -79.430495]",garmin_push_6830813928
373,5336238968,Evening Run,2021-05-21T20:04:34Z,Run,5000.9,1794,1852,39.0,"[43.863875, -79.431388]",garmin_push_6819651902
374,5326358057,Evening Run,2021-05-19T19:54:36Z,Run,4012.7,1395,1508,13.1,"[43.865156, -79.430042]",garmin_push_6809359649
375,5320860522,Evening Run,2021-05-18T20:15:50Z,Run,5019.2,1772,1851,16.0,"[43.863101, -79.430682]",garmin_push_6803752352
376,5314736799,Evening Walk,2021-05-17T18:09:10Z,Walk,3625.2,3166,3191,36.7,"[43.864074, -79.431308]",garmin_push_6797581057
377,5309957963,Evening Run,2021-05-16T18:56:21Z,Run,4336.0,1415,1488,13.1,"[43.863226, -79.431042]",garmin_push_6792516258
378,5303903254,Evening Run,2021-05-15T20:09:26Z,Run,4077.2,1385,1385,12.7,"[43.86433, -79.431128]",garmin_push_6786428898
379,5292837094,Evening Run,2021-05-13T19:06:46Z,Run,7010.6,2363,2625,44.1,"[43.857499, -79.433988]",garmin_push_6775097019
380,5287216882,Evening Run,2021-05-12T20:09:53Z,Run,2011.1,686,686,5.5,"[43.864795, -79.430775]",garmin_push_6769277204
381,5286196909,Afternoon Run,2021-05-12T15:27:08Z,Run,1944.3,650,896,25.1,"[43.87228, -79.423958]",garmin_push_6768337583
382,5270792725,Evening Run,2021-05-09T18:01:33Z,Run,5450.1,1982,1982,19.7,"[43.863433, -79.431282]",garmin_push_6752365927
383,5264643142,Evening Run,2021-05-08T18:37:04Z,Run,5004.5,1677,1677,39.6,"[43.86393, -79.431332]",garmin_push_6746003126
384,5258743330,Afternoon Run,2021-05-07T17:49:07Z,Run,2312.4,771,1004,17.6,"[43.866591, -79.434278]",garmin_push_6739883091
385,5248717855,Run w/ Jackie!!‚ò∫Ô∏è,2021-05-05T17:17:18Z,Run,4634.7,1631,2569,22.0,"[43.866422, -79.436606]",FE50AF28-B855-4CD0-8AE4-B16E0949BD3D-activity.fit
386,5243109792,Afternoon Run,2021-05-04T17:46:24Z,Run,5009.2,1714,1803,38.8,"[43.864353, -79.431661]",garmin_push_6723962224
387,5232977894,Evening Run,2021-05-02T18:24:48Z,Run,5071.2,1711,1775,38.7,"[43.863492, -79.431471]",garmin_push_6713129967
388,5220310219,Evening Run,2021-04-30T18:39:37Z,Run,2016.5,701,701,6.6,"[43.864857, -79.430516]",garmin_push_6700595685
389,5210008737,Afternoon Run,2021-04-28T17:35:14Z,Run,5022.5,1687,1796,39.7,"[43.863815, -79.431369]",garmin_push_6690137872
390,5204287698,Afternoon Run,2021-04-27T17:15:33Z,Run,6030.5,2079,2340,55.3,"[43.864179, -79.425768]",garmin_push_6684263474
391,5174950677,Evening Run,2021-04-22T18:11:56Z,Run,5034.9,1788,1834,38.8,"[43.863495, -79.431537]",garmin_push_6654598458
392,5152163078,Evening Walk,2021-04-18T18:45:57Z,Walk,807.8,1003,1206,4.9,"[43.481195, -80.528235]",garmin_push_6631570789
393,5152033739,Afternoon Run,2021-04-18T17:13:10Z,Run,10018.3,3304,3844,71.7,"[43.480552, -80.529814]",garmin_push_6631451331
394,5138743490,Afternoon Run,2021-04-16T17:08:19Z,Run,5708.2,1944,2132,36.6,"[43.481878, -80.526425]",garmin_push_6618512779
395,5128614573,Evening Run,2021-04-14T19:19:09Z,Run,5620.7,1874,2120,36.6,"[43.481792, -80.52637]",garmin_push_6608348636
396,5122766728,Evening Run,2021-04-13T19:28:00Z,Run,5656.5,1834,1980,36.7,"[43.481798, -80.526354]",garmin_push_6602578191
397,5111528624,Evening Run,2021-04-11T18:10:54Z,Run,5650.2,1881,2124,36.9,"[43.481802, -80.526328]",garmin_push_6591440321
398,5098221256,Afternoon Run,2021-04-09T15:43:17Z,Run,5644.4,1889,2258,36.8,"[43.481829, -80.526355]",garmin_push_6578471288
399,5087584173,Evening Run,2021-04-07T18:16:01Z,Run,5652.7,1785,2100,36.6,"[43.481909, -80.526423]",garmin_push_6568065291
400,5081254498,Afternoon Run,2021-04-06T15:21:24Z,Run,5668.1,1860,2395,36.9,"[43.481901, -80.526431]",garmin_push_6561904052
401,5069071979,Lunch Run,2021-04-04T11:17:03Z,Run,10019.7,3398,4248,70.7,"[43.480826, -80.529028]",garmin_push_6549693095
402,5058067854,Afternoon Run,2021-04-02T17:10:39Z,Run,5628.8,1887,2213,36.5,"[43.48185, -80.52634]",garmin_push_6539055429
403,5046160173,Afternoon Run,2021-03-31T15:46:08Z,Run,4198.3,1393,2176,24.5,"[43.481081, -80.528473]",garmin_push_6527357039
404,5045998188,Afternoon Run,2021-03-31T15:21:19Z,Run,1220.3,396,535,7.1,"[43.470859, -80.523928]",garmin_push_6527193586
405,5033147732,Afternoon Run,2021-03-29T14:14:04Z,Run,6551.2,2255,2410,48.2,"[43.481785, -80.526402]",garmin_push_6514608885
406,5021103772,Afternoon Run,2021-03-27T13:14:36Z,Run,10292.8,3518,3875,75.1,"[43.481806, -80.526343]",garmin_push_6502406039
407,5010648483,Afternoon Run,2021-03-25T17:26:08Z,Run,5561.6,1972,2300,35.7,"[43.481633, -80.526218]",garmin_push_6492219693
408,4998720649,Afternoon Run,2021-03-23T16:35:18Z,Run,5591.0,1845,2047,36.0,"[43.481658, -80.526194]",garmin_push_6480601401
409,4992536424,Afternoon Run,2021-03-22T15:51:00Z,Run,5583.7,1877,2038,35.8,"[43.481658, -80.526268]",garmin_push_6474575360
410,4981112319,Afternoon Walk,2021-03-20T17:12:32Z,Walk,5192.9,4057,4350,41.6,"[43.481046, -80.528344]",garmin_push_6463515063
411,4980327053,PAINFUL,2021-03-20T13:49:55Z,Run,10004.8,3502,4128,59.4,"[43.480166, -80.531533]",garmin_push_6462796716
412,4964146576,Afternoon Run,2021-03-17T15:52:05Z,Run,5592.6,1847,2185,35.8,"[43.481674, -80.526299]",garmin_push_6446921418
413,4953227586,Afternoon Run,2021-03-15T17:31:33Z,Run,5002.3,1719,1722,40.2,"[43.864023, -79.431256]",garmin_push_6436109553
414,4942055696,Afternoon Run,2021-03-13T16:55:48Z,Run,5012.9,1624,1624,39.3,"[43.865081, -79.430365]",garmin_push_6424876126
415,4931004906,Afternoon Run,2021-03-11T15:32:14Z,Run,5059.4,1701,2107,22.8,"[43.476756, -80.525252]",garmin_push_6414009546
416,4920263158,Afternoon Run,2021-03-09T14:10:33Z,Run,10020.3,3427,4483,53.6,"[43.477089, -80.525342]",garmin_push_6403190773
417,4914551768,Afternoon Run,2021-03-08T15:40:47Z,Run,5545.8,1818,2012,36.1,"[43.481682, -80.526238]",garmin_push_6397566166
418,4902582549,Afternoon Run,2021-03-06T15:10:57Z,Run,5550.4,1835,2167,35.6,"[43.481627, -80.526257]",garmin_push_6385743330
419,4896230889,Afternoon Run,2021-03-05T15:18:04Z,Run,5632.5,1979,2065,36.5,"[43.481779, -80.526373]",garmin_push_6379641812
420,4885586219,Afternoon Run,2021-03-03T15:08:54Z,Run,5632.8,1883,2056,36.6,"[43.481779, -80.52638]",garmin_push_6369136605
421,4873734808,Afternoon Run,2021-03-01T15:11:24Z,Run,5620.9,2016,2153,36.5,"[43.48181, -80.5263]",garmin_push_6357500152
422,4866056371,Morning Run,2021-02-28T09:30:30Z,Run,5157.6,1791,1887,31.6,"[43.47984, -80.531736]",garmin_push_6350164271
423,4855427172,Afternoon Run,2021-02-26T16:09:22Z,Run,10355.8,3763,4281,65.3,"[43.481967, -80.5264]",garmin_push_6339585893
424,4849419336,Afternoon Run,2021-02-25T13:40:06Z,Run,5604.2,1995,2228,36.1,"[43.481658, -80.52636]",garmin_push_6333694385
425,4832340728,Afternoon Run,2021-02-22T16:09:54Z,Run,5617.9,2001,2168,36.5,"[43.481773, -80.526425]",garmin_push_6316795409
426,4814064710,Afternoon Run,2021-02-19T16:23:41Z,Run,5012.3,1737,1768,39.0,"[43.863777, -79.431397]",garmin_push_6298731182
427,4804241037,Afternoon Run,2021-02-17T16:59:21Z,Run,5066.9,1765,1828,39.2,"[43.863511, -79.431517]",garmin_push_6288870554
428,4803814255,Afternoon Walk,2021-02-17T13:25:51Z,Walk,6020.3,7042,7057,90.7,"[43.871936, -79.469565]",garmin_push_6288462042
429,4798736970,Afternoon Run,2021-02-16T16:30:10Z,Run,3020.9,1199,1228,7.2,"[43.865037, -79.429987]",garmin_push_6283492323
430,4788718349,Afternoon Run,2021-02-14T16:03:56Z,Run,10567.1,3775,3930,59.0,"[43.863433, -79.431355]",garmin_push_6273536077
431,4777223004,Afternoon Run,2021-02-12T16:25:48Z,Run,6145.1,2177,2413,36.6,"[43.480651, -80.529695]",garmin_push_6262135274
432,4767232699,Afternoon Run,2021-02-10T14:38:24Z,Run,5632.1,2004,2255,36.2,"[43.481843, -80.526283]",garmin_push_6252125311
433,4757034432,Afternoon Run,2021-02-08T15:10:39Z,Run,5673.8,2018,2780,36.1,"[43.481775, -80.526293]",garmin_push_6241916702
434,4740472968,Afternoon Run,2021-02-05T15:11:48Z,Run,5618.6,2064,2189,36.4,"[43.48182, -80.526313]",garmin_push_6225502057
435,4735581368,Afternoon Run,2021-02-04T16:23:26Z,Run,5013.6,1739,1880,31.8,"[43.479299, -80.533383]",garmin_push_6220717572
436,4730000556,Afternoon Run,2021-02-03T15:55:47Z,Run,7301.2,2594,2836,48.7,"[43.480069, -80.53197]",garmin_push_6215260514
437,4724008344,Afternoon Run,2021-02-02T14:26:27Z,Run,5575.9,1892,2077,34.1,"[43.48154, -80.52696]",garmin_push_6209408123
438,4713788129,Afternoon Run,2021-01-31T14:38:26Z,Run,5017.5,1722,1731,32.0,"[43.479225, -80.533696]",garmin_push_6199235856
439,4707110131,Afternoon Run,2021-01-30T14:12:23Z,Run,5016.5,1742,1874,32.0,"[43.479207, -80.533544]",garmin_push_6192833929
440,4701640145,Running in the ARCTIC,2021-01-29T15:13:17Z,Run,5632.2,1989,2179,36.7,"[43.481825, -80.526332]",garmin_push_6187424685
441,4691788410,Afternoon Run,2021-01-27T15:21:30Z,Run,5588.6,1968,2196,36.6,"[43.481808, -80.526309]",garmin_push_6177752683
442,4681384119,Afternoon Run,2021-01-25T17:08:36Z,Run,6070.5,2113,2300,45.1,"[43.481873, -80.526612]",garmin_push_6167382669
443,4676544336,Afternoon Run,2021-01-24T16:10:58Z,Run,5251.2,1785,1945,31.8,"[43.480188, -80.530775]",garmin_push_6162388444
444,4664274442,Afternoon Run,2021-01-22T16:12:37Z,Run,5010.7,1757,1789,39.2,"[43.863822, -79.431374]",garmin_push_6150546727
445,4664040175,Afternoon Run,2021-01-22T15:25:03Z,Run,1506.9,548,567,6.1,"[43.864016, -79.426672]",garmin_push_6150323488
446,4654204313,Afternoon Run,2021-01-20T16:37:50Z,Run,5056.7,1768,1776,39.0,"[43.863485, -79.431445]",garmin_push_6140642239
447,4647835646,Lunch Run,2021-01-19T12:36:50Z,Run,5030.2,1842,2065,40.1,"[43.863663, -79.431402]",garmin_push_6134237813
448,4638354976,Afternoon Run,2021-01-17T14:42:09Z,Run,5014.7,1798,1798,40.1,"[43.864085, -79.431284]",garmin_push_6124753716
449,4626033377,Walk with Sanaz,2021-01-15T13:49:24Z,Walk,5854.0,5978,5997,90.4,"[43.871761, -79.470525]",garmin_push_6112791682
450,4620805684,Afternoon Run,2021-01-14T13:22:20Z,Run,10020.6,3513,3672,57.5,"[43.858576, -79.433375]",garmin_push_6107617744
451,4610951726,Afternoon Run,2021-01-12T15:20:51Z,Run,7024.2,2545,2617,42.7,"[43.857812, -79.433951]",garmin_push_6097707218
452,4600650171,Afternoon Run,2021-01-10T14:41:56Z,Run,2009.5,685,685,4.3,"[43.8612, -79.432088]",garmin_push_6087324175
453,4594670516,Afternoon Run,2021-01-09T15:57:26Z,Run,5072.2,1802,1814,40.1,"[43.863534, -79.43155]",garmin_push_6081515614
454,4582825354,Lunch Run,2021-01-07T11:48:08Z,Run,5015.4,1892,2413,39.4,"[43.863857, -79.432362]",garmin_push_6069758720
455,4573418842,CrampsüôÉ,2021-01-05T16:03:38Z,Run,5012.2,1789,2100,38.4,"[43.864789, -79.433052]",garmin_push_6060387808
456,4563119422,Afternoon Run,2021-01-03T16:18:27Z,Run,3294.2,1182,1248,13.7,"[43.861214, -79.430972]",garmin_push_6049850132
457,4550849324,Afternoon Run,2021-01-01T14:57:30Z,Run,10017.0,3661,3775,52.2,"[43.863658, -79.426951]",garmin_push_6037811905
458,4546274821,Last run of 2020,2020-12-31T16:18:49Z,Run,2165.9,788,788,7.9,"[43.865645, -79.428621]",garmin_push_6033034181
459,4540920158,Afternoon Run,2020-12-30T14:26:02Z,Run,5003.8,1882,2106,39.0,"[43.863706, -79.432051]",garmin_push_6027481964
460,4536633273,Evening Run,2020-12-29T18:00:40Z,Run,281.8,135,135,0,[],garmin_push_6023026039
461,4526960416,Afternoon Run,2020-12-27T16:08:50Z,Run,7241.1,2668,2833,45.4,"[43.860401, -79.433442]",garmin_push_6012842693
462,4509832819,Afternoon Walk,2020-12-23T15:31:26Z,Walk,4268.5,3522,3554,35.5,"[43.864389, -79.431715]",garmin_push_5994899523
463,4505549254,Afternoon Run,2020-12-22T14:16:31Z,Run,5007.1,1824,1958,44.5,"[43.867749, -79.430747]",garmin_push_5990466598
464,4501241973,Afternoon Run,2020-12-21T14:00:03Z,Run,5007.3,1756,2068,40.1,"[43.864677, -79.433097]",garmin_push_5986143782
465,4488524304,Afternoon Run,2020-12-18T16:20:14Z,Run,5020.4,1764,1916,38.8,"[43.863677, -79.431808]",garmin_push_5973200677
466,4484921793,Afternoon Run,2020-12-17T16:22:05Z,Run,4084.8,1470,1697,24.6,"[43.475777, -80.525198]",garmin_push_5969438580
467,4469314939,Afternoon Run,2020-12-13T15:37:31Z,Run,5301.3,1850,3062,36.0,"[43.481716, -80.526463]",garmin_push_5953219433
468,4462518421,Morning Activity,2020-12-12T08:00:00Z,Yoga,0.0,1800,1800,0,[],
469,4455849856,Exam season stress relief ü§ì,2020-12-10T15:05:55Z,Run,6059.4,2031,2266,36.7,"[43.478317, -80.525486]",garmin_push_5939527974
470,4447634088,Afternoon Run,2020-12-08T15:11:12Z,Run,5681.0,1971,2356,35.8,"[43.479152, -80.525502]",garmin_push_5931129103
471,4439673928,A Sunday run ‚òÅÔ∏è‚òÉÔ∏èüí®,2020-12-06T15:45:55Z,Run,5009.5,1818,1968,31.9,"[43.479663, -80.531983]",garmin_push_5922724532
472,4434462240,Afternoon Run,2020-12-05T15:09:48Z,Run,5398.3,1895,2032,31.8,"[43.480837, -80.529072]",garmin_push_5917562720
473,4426185742,Afternoon Run,2020-12-03T15:22:45Z,Run,5036.0,1798,2261,31.5,"[43.480565, -80.529838]",garmin_push_5909197608
474,4422142975,Afternoon Run,2020-12-02T15:17:44Z,Run,5471.2,1961,2209,36.2,"[43.481721, -80.526481]",garmin_push_5905040921
475,4409404603,Afternoon Run,2020-11-29T14:09:39Z,Run,6005.6,2078,2277,37.2,"[43.478141, -80.525719]",garmin_push_5892058252
476,4402292247,Morning Run,2020-11-28T09:05:18Z,Run,5200.2,1847,2072,31.9,"[43.480787, -80.528984]",garmin_push_5885244104
477,4395227973,Afternoon Run,2020-11-26T15:07:20Z,Run,5368.7,1908,2763,36.8,"[43.47836, -80.525512]",garmin_push_5878257319
478,4384518886,Morning Run,2020-11-24T10:08:18Z,Run,5008.0,1766,2149,31.8,"[43.479545, -80.531429]",garmin_push_5867722606
479,4379326271,Morning Run,2020-11-23T07:45:52Z,Run,255.4,131,138,5.1,"[43.480169, -80.530871]",garmin_push_5862593354
480,4371046783,Afternoon Run,2020-11-21T13:42:08Z,Run,4000.5,1449,1711,20.8,"[43.479477, -80.52704]",garmin_push_5854573023
481,4371045226,Afternoon Run,2020-11-21T13:28:30Z,Run,1476.9,497,576,10.7,"[43.467699, -80.523146]",garmin_push_5854571630
482,4362068150,Afternoon Run,2020-11-19T16:09:54Z,Run,5031.5,1795,2197,31.7,"[43.479511, -80.531438]",garmin_push_5845871469
483,4346992895,Lunch Run,2020-11-16T12:16:53Z,Run,5007.0,1809,1917,38.0,"[43.481643, -80.526976]",garmin_push_5830985689
484,4346536682,Some headstand practice ,2020-11-16T07:30:00Z,Yoga,0.0,900,900,0,[],
485,4337780016,Lunch Run,2020-11-14T11:50:15Z,Run,10020.9,3532,4095,56.3,"[43.479587, -80.525731]",garmin_push_5821605219
486,4326922355,Morning Run,2020-11-12T07:41:13Z,Run,5008.7,1767,2191,38.4,"[43.481461, -80.526104]",garmin_push_5810766459
487,4317184003,Morning Run,2020-11-10T07:42:40Z,Run,5003.4,1759,2113,35.9,"[43.481598, -80.526787]",garmin_push_5801177278
488,4307784289,Morning Run,2020-11-08T07:50:54Z,Run,8028.9,2998,3216,40.8,"[43.859562, -79.43748]",garmin_push_5791814477
489,4280196850,My legs are tired ü•µ,2020-11-03T07:41:31Z,Run,4403.4,1628,2074,30.0,"[43.479074, -80.525812]",garmin_push_5767224812
490,4277343175,Afternoon Run,2020-11-02T13:59:11Z,Run,5071.9,1808,2166,38.2,"[43.481563, -80.526173]",garmin_push_5764276962
491,4272841276,Lunch Run,2020-11-01T12:10:59Z,Run,5086.1,1785,2067,40.6,"[43.48182, -80.526319]",garmin_push_5759532495
492,4261926997,Morning Run,2020-10-30T07:37:42Z,Run,5458.3,1940,2461,38.4,"[43.476407, -80.525095]",garmin_push_5748082554
493,4255704497,Afternoon Run,2020-10-28T15:06:20Z,Run,5007.5,1718,2238,42.0,"[43.48154, -80.526884]",garmin_push_5741512773
494,4247219228,Afternoon Run,2020-10-26T15:14:15Z,Run,4835.9,1734,1872,33.0,"[43.478307, -80.53054]",garmin_push_5732474091
495,4237330013,Morning Run,2020-10-24T10:30:55Z,Run,3087.2,1218,1218,18.5,"[43.479121, -80.52876]",garmin_push_5721569369
496,4225632539,Afternoon Run,2020-10-21T14:15:11Z,Run,5007.2,1750,2176,39.5,"[43.478268, -80.52544]",garmin_push_5709419852
497,4217445624,Afternoon Run,2020-10-19T16:23:30Z,Run,5031.4,1851,1984,35.9,"[43.481309, -80.527869]",garmin_push_5700716388
498,4211456794,Morning Run,2020-10-18T08:48:51Z,Run,3057.1,1107,1187,31.0,"[43.871823, -79.414607]",garmin_push_5694358595
499,4195958092,A rainy run ,2020-10-14T18:01:16Z,Run,5036.2,1822,1887,22.6,"[43.86533, -79.431258]",garmin_push_5678409536
500,4186514759,Best szn,2020-10-12T14:17:29Z,Run,1397.8,520,599,20.2,"[43.863665, -79.424404]",garmin_push_5668538452
501,4186445294,Afternoon Run,2020-10-12T13:50:22Z,Run,2432.2,902,1008,12.5,"[43.858316, -79.443779]",garmin_push_5668464014
502,4160361363,Didn‚Äôt wanna go back to studying so I ran more ,2020-10-06T16:03:27Z,Run,2005.9,718,718,22.2,"[43.480169, -80.525867]",garmin_push_5641600461
503,4160310690,I DONT WANNA STUDYYYY,2020-10-06T15:43:18Z,Run,2406.6,839,924,21.8,"[43.479273, -80.527685]",garmin_push_5641545308
504,4156130657,Afternoon Run,2020-10-05T17:16:56Z,Run,5003.9,1855,2325,43.4,"[43.479167, -80.528701]",garmin_push_5637161962
505,4138966473,Afternoon Run,2020-10-01T17:16:57Z,Run,2212.9,816,901,21.2,"[43.4788, -80.529355]",garmin_push_5619132191
506,4133481375,Run with Nat!,2020-09-30T12:19:43Z,Run,3860.4,1419,2010,23.7,"[43.475765, -80.525066]",garmin_push_5613405334
507,4125396464,Lil school stress reliever üò£,2020-09-28T17:23:30Z,Run,3012.4,1115,1115,25.3,"[43.479044, -80.527746]",garmin_push_5605046075
508,4116159474,Nature run ,2020-09-26T15:32:11Z,Run,1971.2,905,2142,23.0,"[43.876287, -79.452196]",58986093-71C4-4C21-8FD8-844550E6D7F3-activity.fit
509,4107673442,Quick bday run ,2020-09-24T16:15:00Z,Run,2001.7,715,746,18.0,"[43.47835, -80.528909]",garmin_push_5586874886
510,4101327262,Morning Run,2020-09-23T08:52:56Z,Run,684.9,253,253,6.8,"[43.478823, -80.529243]",garmin_push_5580181680
511,4091815956,Morning Run,2020-09-21T07:56:12Z,Run,5083.9,1812,2006,29.2,"[43.475275, -80.525039]",garmin_push_5570059172
512,4075319948,Evening Run,2020-09-17T18:46:18Z,Run,2075.4,735,803,18.0,"[43.478893, -80.527879]",garmin_push_5552930967
513,4065900220,Roomie walk ,2020-09-15T18:08:31Z,Walk,6175.9,5004,5170,50.2,"[43.48112, -80.527976]",2AC71F1B-2DAB-48F7-93F0-C3611F648475-activity.fit
514,4063227606,Morning Run,2020-09-15T09:03:07Z,Run,4223.9,1456,2040,13.6,"[43.477582, -80.521201]",garmin_push_5540498039
515,4056416558,Back in PooPooLooüí©,2020-09-13T18:41:31Z,Run,5044.4,1821,1846,40.0,"[43.481663, -80.529237]",garmin_push_5533208549
516,4037204734,Evening Run,2020-09-09T19:19:58Z,Run,5005.7,1831,2126,43.3,"[43.867042, -79.433949]",garmin_push_5513332764
517,4029554882,First day of school üò≠,2020-09-08T08:21:46Z,Run,3234.9,1149,1216,27.6,"[43.87217, -79.432567]",garmin_push_5505457900
518,4012232523,lil shortie üêú,2020-09-04T19:02:54Z,Run,2477.2,918,979,7.1,"[43.861946, -79.431458]",garmin_push_5488023097
519,3993776662,Evening Run,2020-08-31T19:21:32Z,Run,10026.5,4056,4512,68.0,"[43.865531, -79.428358]",garmin_push_5469007978
520,3966289185,FUCK YONGE STREET,2020-08-25T19:51:25Z,Run,7125.6,2731,3333,46.3,"[43.861664, -79.432105]",garmin_push_5440899805
521,3947259009,Evening Run,2020-08-21T20:09:52Z,Run,5010.2,1979,2521,24.0,"[43.863729, -79.431503]",garmin_push_5420979910
522,3938106244,Evening Run,2020-08-19T18:11:04Z,Run,4004.3,1513,2621,44.3,"[43.877933, -79.453312]",garmin_push_5411343832
523,3922744075,Lunch Run,2020-08-16T12:17:32Z,Run,6062.8,2375,2852,50.3,"[43.865589, -79.422452]",garmin_push_5395331079
524,3904748097,Sk8r gurl,2020-08-12T19:09:48Z,InlineSkate,3063.0,1788,2055,20.6,"[43.899582, -79.402843]",3166A670-84E0-4C97-9B5A-74EEFBE464CB-activity.fit
525,3900045267,Evening Run,2020-08-11T20:15:57Z,Run,2483.3,955,1185,17.7,"[43.866198, -79.428099]",garmin_push_5372043877
526,3895129412,Evening Run,2020-08-10T20:16:11Z,Run,3580.4,1367,2955,25.9,"[43.865129, -79.433348]",garmin_push_5366976824
527,3880274297,Evening Run,2020-08-07T20:27:46Z,Run,1447.9,536,762,17.3,"[43.868866, -79.43005]",garmin_push_5351687708
528,3870870234,Evening Run,2020-08-05T19:25:20Z,Run,5028.9,1912,3253,30.3,"[43.864683, -79.430864]",garmin_push_5341988976
529,3859334876,Forks of the credit ,2020-08-03T09:38:34Z,Hike,9379.6,9751,16207,225.7,"[43.82496, -80.003795]",68A8960B-8A05-44D3-9BAB-0B112237D9A0-activity.fit
530,3849723293,Afternoon Run,2020-08-01T14:15:30Z,Run,2100.7,791,1771,21.8,"[43.867348, -79.447726]",garmin_push_5320053785
531,3841110597,I‚Äôm a sausage ,2020-07-30T20:27:29Z,Run,3003.3,1070,1737,30.9,"[43.865129, -79.430041]",garmin_push_5310052906
532,3824359399,Evening Run,2020-07-27T20:28:02Z,Run,5093.4,1965,2287,19.3,"[43.861292, -79.432348]",A7RK2802.fit
533,3812177259,GARMIN OUTAGE,2020-07-25T11:53:16Z,Run,4288.0,1610,2445,44.0,"[43.87852, -79.453941]",A7PB5316.fit
534,3803239319,Evening Ride,2020-07-22T19:12:01Z,Ride,2023.2,581,619,7.9,"[43.864449, -79.431865]",garmin_push_5278085077
535,3793031903,Less-ANGRY RUN,2020-07-20T20:12:27Z,Run,2029.1,666,952,0.0,"[43.864002, -79.432609]",garmin_push_5267858435
536,3792939825,ANGRY RUNüò§,2020-07-20T19:25:24Z,Run,3209.0,1130,1905,37.0,"[43.878618, -79.457753]",garmin_push_5267779021
537,3782785251,Evening Ride,2020-07-18T18:44:34Z,Ride,13127.4,3063,4274,59.0,"[43.864466, -79.431821]",garmin_push_5257520470
538,3780470730,Morning Run,2020-07-18T09:54:45Z,Run,2019.5,697,1248,26.1,"[43.865461, -79.429287]",garmin_push_5255315602
539,3763536496,Evening Run,2020-07-14T18:25:45Z,Run,5063.4,2001,3030,40.2,"[43.875893, -79.451724]",garmin_push_5238146816
540,3753249355,Bruce Caves ,2020-07-12T13:54:37Z,Hike,2578.5,1614,2104,58.2,"[44.772399, -81.075082]",7D1BA110-26D2-48E2-A389-CBCEF67D67A6-activity.fit
541,3747356300,Flower pot island ,2020-07-11T11:25:51Z,Walk,4713.0,3541,7952,65.9,"[45.302057, -81.612687]",1F480362-C989-40EE-8AC5-88552B27283A-activity.fit
542,3743870807,Tobermory ,2020-07-10T14:37:29Z,Hike,19160.1,5163,11722,116.8,"[45.239042, -81.646183]",B9652415-F888-4570-BAD5-B267BC1C149B-activity.fit
543,3729696980,Evening Run,2020-07-07T20:39:09Z,Run,2603.5,1027,1232,32.5,"[43.866445, -79.427732]",222C20A5-C2FB-4A98-B8FC-213EB08165D5-activity.fit
544,3714749558,Evening Run,2020-07-04T20:47:01Z,Run,3004.4,1375,1818,39.3,"[43.870488, -79.431574]",C7ABA9F9-2414-4CD9-A34C-EEA498BBA5DD-activity.fit
545,3705357182,Leisure ride ,2020-07-02T19:56:46Z,Ride,6817.3,2035,2478,38.2,"[43.864321, -79.431842]",089DDCB5-8C57-44C4-9D64-CD9FF9AC4629-activity.fit
546,3695455196,Evening Run,2020-06-30T19:16:14Z,Run,4111.7,1681,1906,43.7,"[43.865742, -79.433887]",335D60B6-20F5-4262-9125-F8E4479F6A1F-activity.fit
547,3685821065,Long time no ride ,2020-06-28T15:56:36Z,Ride,8036.0,2398,3310,36.7,"[43.86459, -79.432097]",03820AA2-AD57-4958-AD1C-729BC0089B6E-activity.fit
548,3678919419,Morning Run,2020-06-27T10:28:46Z,Run,3173.7,1304,2227,39.1,"[43.869921, -79.434338]",7C722FB3-0F84-4F7B-81DB-FE09B1FF562E-activity.fit
549,3671380304,Idk why cramps :(,2020-06-25T18:19:35Z,Run,1003.9,446,812,28.5,"[43.865037, -79.421367]",6FF1CE42-9575-43C3-894D-AAAC3355378C-activity.fit
550,3661366196,Quicky,2020-06-23T18:11:53Z,Run,2004.9,731,1446,24.7,"[43.879726, -79.454231]",B2C89A37-5A27-451B-B1C5-B1B6FFE93892-activity.fit
551,3651124658,Afternoon Run,2020-06-21T15:55:53Z,Run,3476.8,1435,3173,26.3,"[43.866351, -79.441312]",E9AE496B-5808-486F-897B-E7057B991ACD-activity.fit
552,3636120739,I died ,2020-06-18T18:53:57Z,Run,1876.3,818,1146,23.3,"[43.875778, -79.45128]",E5C06F88-2B58-4FAE-8D8D-F33469CABB2B-activity.fit
553,3631477463,Afternoon Walk,2020-06-17T17:37:50Z,Walk,5887.8,4555,5835,59.6,"[43.872114, -79.469636]",AA6D2BD1-7B41-435A-9A27-E43FD0E20A47-activity.fit
554,3626634145,Evening Run,2020-06-16T20:19:04Z,Run,3536.7,1428,1973,34.6,"[43.864154, -79.431206]",E1EE113C-F8BF-471B-B237-7507DE06A5DB-activity.fit
555,3620870930,Joggy jog jog,2020-06-15T17:40:17Z,Run,3041.4,1403,2221,35.2,"[43.864436, -79.431857]",3B9B6922-B865-469F-9F79-49845B67ADAC-activity.fit
556,3600341158,Walk with Alissa ,2020-06-11T17:13:49Z,Walk,6889.2,4938,5562,23.6,"[43.86449, -79.43187]",09EF6EFF-957B-4A99-9309-6A230A0F2295-activity.fit
557,3590845870,Evening Walk,2020-06-09T19:38:22Z,Walk,7005.0,4123,4139,58.5,"[43.864349, -79.432015]",62005BD7-C98B-43AF-83A6-B4075AA54656-activity.fit
558,3580197522,Afternoon Hike,2020-06-07T14:55:27Z,Hike,7923.1,7175,7621,66.6,"[43.951439, -79.420899]",C4B74DB8-90D0-439E-B32B-0E246F4B8421-activity.fit
559,3574856177,Afternoon Hike,2020-06-06T16:36:41Z,Hike,1938.5,2378,4607,7.7,"[43.817597, -79.163244]",888EA46D-B088-477A-8B15-AFE70A49B711-activity.fit
560,3569299185,RIP my back ,2020-06-05T17:40:18Z,Ride,1351.3,421,432,2.1,"[43.864459, -79.431888]",B0E58715-5F26-495A-AD3D-D0CFB364A898-activity.fit
561,3560805903,Evening Walk,2020-06-03T19:36:49Z,Walk,5234.3,3574,3609,42.5,"[43.864462, -79.431983]",84A36EF3-4A7E-4307-A555-6ED95A535C63-activity.fit
562,3543152879,Hamilton Hike,2020-05-31T10:51:02Z,Hike,7708.1,7211,7378,132.2,"[43.247962, -79.993972]",60672219-F0B2-4DCC-A79A-AE4E293B0A70-activity.fit
563,3538611022,Evening Walk,2020-05-30T18:10:12Z,Walk,4120.9,3309,3493,34.6,"[43.864518, -79.432006]",0172E61B-DD33-4DCD-86F5-DEC4CAA8D81C-activity.fit
564,3523152855,Evening Walk,2020-05-27T19:34:02Z,Walk,4333.7,3362,3428,34.8,"[43.864689, -79.431699]",F09403A1-3B06-4E87-A554-A0FFA4AE2CB2-activity.fit
565,3512168752,Evening Walk,2020-05-25T19:50:40Z,Walk,3314.6,2568,2592,24.6,"[43.864565, -79.431895]",ACDCB3F8-C925-4A93-9496-257DBA2CA5CC-activity.fit
566,3461957461,Afternoon Run,2020-05-16T14:00:06Z,Run,2653.5,1159,1489,30.9,"[43.864586, -79.430932]",1417E683-A65C-4A03-8552-4F7FE2CCB33E-activity.fit
567,3447111935,Evening Run,2020-05-13T18:09:26Z,Run,2247.5,1013,1129,26.8,"[43.864441, -79.431838]",0728C9CE-5F79-4A0E-8FFC-113589A1FF4F-activity.fit
568,3421145003,After work jog ,2020-05-08T18:12:23Z,Run,1710.3,743,893,21.6,"[43.865455, -79.429384]",A37C2F26-0B06-431E-94A8-03C5E6E30EAE-activity.fit
569,3415852508,Evening Run,2020-05-07T18:04:42Z,Run,1422.8,718,1020,27.1,"[43.866567, -79.424497]",3A9FB28C-A851-4A39-9C3A-66A19BA515E1-activity.fit
570,3410486459,Rollerblading is hard ,2020-05-06T18:08:30Z,InlineSkate,982.0,728,973,0.0,[],231ABEDF-82C5-40B8-BF30-4CF71A8F35F4-activity.fit
571,3404770926,Mostly walking but still ran a bit ,2020-05-05T18:54:47Z,Run,2949.6,2052,2117,28.1,"[43.86408, -79.430704]",97527DFD-1E24-4619-ADA7-DCB57ED730B1-activity.fit
572,7669640113,Evening Run,2016-12-31T19:00:20Z,Run,10008.8,3707,3859,53.8,"[45.51704750396311, -73.57024694792926]",garmin_ping_235689457059
